[
  {
    "id": "eb5a6647-16c3-4492-8cea-53c3a6c6c8ed",
    "data": [
      {
        "text": "Show me the differences between ",
        "userDefined": false
      },
      {
        "text": "Leaf Lettuce",
        "meta": "@food_item",
        "alias": "food_item",
        "userDefined": false
      },
      {
        "text": " and ",
        "userDefined": false
      },
      {
        "text": "green lettuce",
        "meta": "@food_item",
        "alias": "food_item1",
        "userDefined": false
      },
      {
        "text": ".",
        "userDefined": false
      }
    ],
    "isTemplate": false,
    "count": 0,
    "lang": "en",
    "updated": 0
  },
  {
    "id": "97ac776d-9f0c-40cf-a585-3de65a1c0b8c",
    "data": [
      {
        "text": "Which is healthier, ",
        "userDefined": false
      },
      {
        "text": "rice",
        "meta": "@food_item",
        "alias": "food_item",
        "userDefined": true
      },
      {
        "text": " or ",
        "userDefined": false
      },
      {
        "text": "quinoa",
        "meta": "@food_item",
        "alias": "food_item1",
        "userDefined": true
      },
      {
        "text": "?",
        "userDefined": false
      }
    ],
    "isTemplate": false,
    "count": 0,
    "lang": "en",
    "updated": 0
  },
  {
    "id": "bd04c22d-b512-433f-8c40-c76d303a7b10",
    "data": [
      {
        "text": "Compare the nutrition values of ",
        "userDefined": false
      },
      {
        "text": "Potato",
        "meta": "@food_item",
        "alias": "food_item1",
        "userDefined": true
      },
      {
        "text": " and ",
        "userDefined": false
      },
      {
        "text": "Onion",
        "meta": "@food_item",
        "alias": "food_item",
        "userDefined": true
      },
      {
        "text": ".",
        "userDefined": false
      }
    ],
    "isTemplate": false,
    "count": 0,
    "lang": "en",
    "updated": 0
  }
]