[
  {
    "id": "3250340d-0df5-4701-ba5a-ca82ad9a6139",
    "data": [
      {
        "text": "Can you give me the nutritional information for ",
        "userDefined": false
      },
      {
        "text": "celery",
        "meta": "@food_item",
        "alias": "food_item",
        "userDefined": true
      },
      {
        "text": "?",
        "userDefined": false
      }
    ],
    "isTemplate": false,
    "count": 0,
    "lang": "en",
    "updated": 0
  },
  {
    "id": "30ac0a4c-d0a4-46ab-9424-bdff3be4ac62",
    "data": [
      {
        "text": "What is the fat content in ",
        "userDefined": false
      },
      {
        "text": "broccoli",
        "meta": "@food_item",
        "alias": "food_item",
        "userDefined": true
      },
      {
        "text": "?",
        "userDefined": false
      }
    ],
    "isTemplate": false,
    "count": 0,
    "lang": "en",
    "updated": 0
  },
  {
    "id": "c052601e-85fb-40a4-b49b-5ac9c2d1f2eb",
    "data": [
      {
        "text": "How many calories are in a ",
        "userDefined": false
      },
      {
        "text": "bell pepper",
        "meta": "@food_item",
        "alias": "food_item",
        "userDefined": true
      },
      {
        "text": "?",
        "userDefined": false
      }
    ],
    "isTemplate": false,
    "count": 0,
    "lang": "en",
    "updated": 0
  },
  {
    "id": "ef958095-96f4-43ea-a79b-582dfd561d0f",
    "data": [
      {
        "text": "Tell me about the nutrition of ",
        "userDefined": false
      },
      {
        "text": "asparagus",
        "meta": "@food_item",
        "alias": "food_item",
        "userDefined": true
      },
      {
        "text": ".",
        "userDefined": false
      }
    ],
    "isTemplate": false,
    "count": 3,
    "lang": "en",
    "updated": 0
  }
]