[
  {
    "id": "40e6feca-6409-4bba-aad2-e3d6b2359851",
    "data": [
      {
        "text": "See you soon",
        "userDefined": false
      }
    ],
    "isTemplate": false,
    "count": 0,
    "lang": "en",
    "updated": 0
  },
  {
    "id": "47dde5e3-de2f-42d4-9f8a-2cab5dbd3b36",
    "data": [
      {
        "text": "Talk to you soon",
        "userDefined": false
      }
    ],
    "isTemplate": false,
    "count": 0,
    "lang": "en",
    "updated": 0
  },
  {
    "id": "0410ab24-31a6-450d-9a07-fa5240fa7746",
    "data": [
      {
        "text": "BY",
        "userDefined": false
      }
    ],
    "isTemplate": false,
    "count": 2,
    "lang": "en",
    "updated": 0
  },
  {
    "id": "4bc18135-06a6-4fbc-88ed-0e81f8e2c587",
    "data": [
      {
        "text": "Bye",
        "userDefined": false
      }
    ],
    "isTemplate": false,
    "count": 0,
    "lang": "en",
    "updated": 0
  },
  {
    "id": "2d7125f7-5a9d-457c-abff-ebd499926c71",
    "data": [
      {
        "text": "Thank you,Bye",
        "userDefined": false
      }
    ],
    "isTemplate": false,
    "count": 0,
    "lang": "en",
    "updated": 0
  },
  {
    "id": "3d706f8a-7828-42ea-9416-b40857795fc8",
    "data": [
      {
        "text": "Thank you",
        "userDefined": false
      }
    ],
    "isTemplate": false,
    "count": 0,
    "lang": "en",
    "updated": 0
  },
  {
    "id": "9697cc6e-9c38-4b5b-9219-bd74d64e9bd6",
    "data": [
      {
        "text": "Goodbye",
        "userDefined": false
      }
    ],
    "isTemplate": false,
    "count": 0,
    "lang": "en",
    "updated": 0
  }
]