[
  {
    "id": "9338f72c-ccc6-428e-bbf9-fd09fd254725",
    "data": [
      {
        "text": "and ",
        "userDefined": false
      },
      {
        "text": "the mic doesn\u0027t work too",
        "meta": "@sys.any",
        "alias": "message",
        "userDefined": true
      }
    ],
    "isTemplate": false,
    "count": 0,
    "lang": "en",
    "updated": 0
  },
  {
    "id": "a4793075-79a6-4d22-aa99-283fb24a5b73",
    "data": [
      {
        "text": "mic",
        "meta": "@sys.any",
        "alias": "message",
        "userDefined": true
      },
      {
        "text": " as well",
        "userDefined": false
      }
    ],
    "isTemplate": false,
    "count": 0,
    "lang": "en",
    "updated": 0
  },
  {
    "id": "d05e2063-fd83-4be8-8478-ea2d17b4ea5f",
    "data": [
      {
        "text": "and with ",
        "userDefined": false
      },
      {
        "text": "mic",
        "meta": "@sys.any",
        "alias": "message",
        "userDefined": true
      },
      {
        "text": " too",
        "userDefined": false
      }
    ],
    "isTemplate": false,
    "count": 0,
    "lang": "en",
    "updated": 0
  },
  {
    "id": "c30d55f5-29ea-4ea8-9e90-18e377d9a27d",
    "data": [
      {
        "text": "add ",
        "userDefined": false
      },
      {
        "text": "can\u0027t work offline",
        "meta": "@sys.any",
        "alias": "message",
        "userDefined": true
      }
    ],
    "isTemplate": false,
    "count": 0,
    "lang": "en",
    "updated": 0
  },
  {
    "id": "732751b8-e355-4122-97bd-a80a51b27c7d",
    "data": [
      {
        "text": "that ",
        "userDefined": false
      },
      {
        "text": "mic isn\u0027t working",
        "meta": "@sys.any",
        "alias": "message",
        "userDefined": true
      }
    ],
    "isTemplate": false,
    "count": 0,
    "lang": "en",
    "updated": 0
  },
  {
    "id": "1a662dad-e040-4ae7-a0ff-9b6fa0c49343",
    "data": [
      {
        "text": "add that ",
        "userDefined": false
      },
      {
        "text": "I need an offline mode",
        "meta": "@sys.any",
        "alias": "message",
        "userDefined": true
      }
    ],
    "isTemplate": false,
    "count": 0,
    "lang": "en",
    "updated": 0
  },
  {
    "id": "59a4d18f-ede3-4733-9fc0-dfb9a3126012",
    "data": [
      {
        "text": "and also that ",
        "userDefined": false
      },
      {
        "text": "it only works online",
        "meta": "@sys.any",
        "alias": "message",
        "userDefined": true
      }
    ],
    "isTemplate": false,
    "count": 0,
    "lang": "en",
    "updated": 0
  },
  {
    "id": "60d45fdd-571b-4597-9208-4fa64d950731",
    "data": [
      {
        "text": "and ",
        "userDefined": false
      },
      {
        "text": "no offline mode",
        "meta": "@sys.any",
        "alias": "message",
        "userDefined": true
      }
    ],
    "isTemplate": false,
    "count": 0,
    "lang": "en",
    "updated": 0
  },
  {
    "id": "bdc3e75e-e9ec-4d53-acbe-cd521a7c7611",
    "data": [
      {
        "text": "also that ",
        "userDefined": false
      },
      {
        "text": "the mic doesn\u0027t work",
        "meta": "@sys.any",
        "alias": "message",
        "userDefined": true
      }
    ],
    "isTemplate": false,
    "count": 0,
    "lang": "en",
    "updated": 0
  },
  {
    "id": "6df5ec68-506a-4a3e-8dff-fc0746cbdd19",
    "data": [
      {
        "text": "and ",
        "userDefined": false
      },
      {
        "text": "caller ID isn\u0027t working",
        "meta": "@sys.any",
        "alias": "message",
        "userDefined": true
      }
    ],
    "isTemplate": false,
    "count": 0,
    "lang": "en",
    "updated": 0
  }
]