[
  {
    "id": "ce818448-d765-4546-bdac-2c4eaf5440c2",
    "data": [
      {
        "text": "дай мне почту разработчиков",
        "userDefined": false
      }
    ],
    "isTemplate": false,
    "count": 0,
    "lang": "ru",
    "updated": 0
  },
  {
    "id": "48f8a5c2-ef04-46ca-aa68-9949997ff79f",
    "data": [
      {
        "text": "мне нужно написать разработчикам дай мне адрес электронной почты",
        "userDefined": false
      }
    ],
    "isTemplate": false,
    "count": 0,
    "lang": "ru",
    "updated": 0
  },
  {
    "id": "f667654e-3ce3-4f59-ad88-3f67de381d91",
    "data": [
      {
        "text": "я бы хотел написать на почту разработчикам",
        "userDefined": false
      }
    ],
    "isTemplate": false,
    "count": 0,
    "lang": "ru",
    "updated": 0
  },
  {
    "id": "51f1d6c7-9c4c-4f75-8695-57626c26dbd3",
    "data": [
      {
        "text": "хочу связаться с разработчиками покажи их почту",
        "userDefined": false
      }
    ],
    "isTemplate": false,
    "count": 0,
    "lang": "ru",
    "updated": 0
  },
  {
    "id": "0635d936-642b-406a-9986-38c0bb9aacea",
    "data": [
      {
        "text": "как связаться с разработчиками",
        "userDefined": false
      }
    ],
    "isTemplate": false,
    "count": 0,
    "lang": "ru",
    "updated": 0
  },
  {
    "id": "844a2872-3988-428a-a33c-6447cb76c489",
    "data": [
      {
        "text": "почта разработчиков",
        "userDefined": false
      }
    ],
    "isTemplate": false,
    "count": 0,
    "lang": "ru",
    "updated": 0
  },
  {
    "id": "541560bd-5eab-4c0f-a176-1c176bb3eccb",
    "data": [
      {
        "text": "где взять почту разработчиков",
        "userDefined": false
      }
    ],
    "isTemplate": false,
    "count": 0,
    "lang": "ru",
    "updated": 0
  },
  {
    "id": "73277d8e-04c3-4034-8f47-2a2bc859bb18",
    "data": [
      {
        "text": "хочу связаться с твоими создателями по электронной почте",
        "userDefined": false
      }
    ],
    "isTemplate": false,
    "count": 1,
    "lang": "ru",
    "updated": 0
  },
  {
    "id": "284ae537-c46e-4c06-bc28-b158c3ed389e",
    "data": [
      {
        "text": "покажи электронный адрес разработчиков",
        "userDefined": false
      }
    ],
    "isTemplate": false,
    "count": 0,
    "lang": "ru",
    "updated": 0
  },
  {
    "id": "53625a45-a2f1-4701-9aef-d2793e55d4fc",
    "data": [
      {
        "text": "как написать разработчикам",
        "userDefined": false
      }
    ],
    "isTemplate": false,
    "count": 0,
    "lang": "ru",
    "updated": 0
  },
  {
    "id": "6741a8eb-bbc4-4875-a7a9-5c1daf7ebf90",
    "data": [
      {
        "text": "можно мне выслать разработчикам email",
        "userDefined": false
      }
    ],
    "isTemplate": false,
    "count": 0,
    "lang": "ru",
    "updated": 0
  },
  {
    "id": "3c711965-5532-409e-8e6d-71fd6410e028",
    "data": [
      {
        "text": "электронный адрес твоих создателей",
        "userDefined": false
      }
    ],
    "isTemplate": false,
    "count": 0,
    "lang": "ru",
    "updated": 0
  },
  {
    "id": "9df7ade2-06be-4e8a-92b3-d3672fefbfa8",
    "data": [
      {
        "text": "я хочу связаться с разработчиками по электронной почте",
        "userDefined": false
      }
    ],
    "isTemplate": false,
    "count": 0,
    "lang": "ru",
    "updated": 0
  },
  {
    "id": "7318e745-e5b4-4f81-a1f8-54357119f3b5",
    "data": [
      {
        "text": "электронный адрес разработчиков",
        "userDefined": false
      }
    ],
    "isTemplate": false,
    "count": 0,
    "lang": "ru",
    "updated": 0
  },
  {
    "id": "677dc2f4-cd03-44e9-90d2-306ac8d9b437",
    "data": [
      {
        "text": "можешь пожалуйста дать мне адрес почты разработчиков",
        "userDefined": false
      }
    ],
    "isTemplate": false,
    "count": 0,
    "lang": "ru",
    "updated": 0
  },
  {
    "id": "2d12584b-4fcf-4328-bfcc-f12c2c319875",
    "data": [
      {
        "text": "открой электронный адрес разработчиков",
        "userDefined": false
      }
    ],
    "isTemplate": false,
    "count": 0,
    "lang": "ru",
    "updated": 0
  }
]