[
  {
    "id": "a551a18c-0858-4128-b45d-8d95c5a5363b",
    "data": [
      {
        "text": "pode fornecer-me o endereço dos seus programadores",
        "userDefined": false
      }
    ],
    "isTemplate": false,
    "count": 0,
    "lang": "pt",
    "updated": 0
  },
  {
    "id": "89c4ad07-de45-4582-9212-374ff66eb889",
    "data": [
      {
        "text": "onde trabalham os seus programadores",
        "userDefined": false
      }
    ],
    "isTemplate": false,
    "count": 0,
    "lang": "pt",
    "updated": 0
  },
  {
    "id": "76efd559-2cc8-469e-8927-7e6b73aa0ebf",
    "data": [
      {
        "text": "diga-me o endereço dos seus programadores",
        "userDefined": false
      }
    ],
    "isTemplate": false,
    "count": 0,
    "lang": "pt",
    "updated": 0
  },
  {
    "id": "5cad9354-b92d-4b6a-9e2f-b6aa18201379",
    "data": [
      {
        "text": "onde posso encontrar o endereço da sua empresa",
        "userDefined": false
      }
    ],
    "isTemplate": false,
    "count": 0,
    "lang": "pt",
    "updated": 0
  },
  {
    "id": "b0a7840d-ddfe-4956-8872-be976aa5543e",
    "data": [
      {
        "text": "forneça-me o endereço dos seus programadores",
        "userDefined": false
      }
    ],
    "isTemplate": false,
    "count": 0,
    "lang": "pt",
    "updated": 0
  },
  {
    "id": "878b19a4-4ab4-4e58-97d9-bae5c9ba95ec",
    "data": [
      {
        "text": "quero saber a localização da sede da sua empresa",
        "userDefined": false
      }
    ],
    "isTemplate": false,
    "count": 0,
    "lang": "pt",
    "updated": 0
  },
  {
    "id": "d85c3e55-31fb-4f0b-8f84-63ef901b32fa",
    "data": [
      {
        "text": "dê-me o endereço dos seus programadores",
        "userDefined": false
      }
    ],
    "isTemplate": false,
    "count": 0,
    "lang": "pt",
    "updated": 0
  },
  {
    "id": "83b27b43-33ca-488a-9506-514d5815504c",
    "data": [
      {
        "text": "mostre-me onde fica o escritório dos seus programadores",
        "userDefined": false
      }
    ],
    "isTemplate": false,
    "count": 0,
    "lang": "pt",
    "updated": 0
  },
  {
    "id": "2bf9438e-39bd-4649-a17b-478f6bccb504",
    "data": [
      {
        "text": "preciso do endereço da sua empresa",
        "userDefined": false
      }
    ],
    "isTemplate": false,
    "count": 0,
    "lang": "pt",
    "updated": 0
  },
  {
    "id": "69fbc21e-861e-47ba-8145-64d405b4ae75",
    "data": [
      {
        "text": "endereço do escritório dos seus programadores",
        "userDefined": false
      }
    ],
    "isTemplate": false,
    "count": 0,
    "lang": "pt",
    "updated": 0
  }
]