[
  {
    "id": "68afc6d4-86a5-49da-a11c-82c8743fea37",
    "data": [
      {
        "text": "есть ещё какие-то приложения",
        "userDefined": false
      }
    ],
    "isTemplate": false,
    "count": 0,
    "lang": "ru",
    "updated": 0
  },
  {
    "id": "204785b8-f990-4833-87d1-dd0a071976c5",
    "data": [
      {
        "text": "придумали ли твои разработчики ещё что-то",
        "userDefined": false
      }
    ],
    "isTemplate": false,
    "count": 0,
    "lang": "ru",
    "updated": 0
  },
  {
    "id": "92cf43ea-8624-419d-9582-363f0c523b28",
    "data": [
      {
        "text": "разрабатывается ли ещё что-то",
        "userDefined": false
      }
    ],
    "isTemplate": false,
    "count": 0,
    "lang": "ru",
    "updated": 0
  },
  {
    "id": "1dffddb3-faaa-496c-ba48-f5832f15419a",
    "data": [
      {
        "text": "что разрабатывает твоя компания",
        "userDefined": false
      }
    ],
    "isTemplate": false,
    "count": 0,
    "lang": "ru",
    "updated": 0
  },
  {
    "id": "5af3bbf1-008d-4df3-b95f-f389de96260f",
    "data": [
      {
        "text": "расскажи мне что-нибудь про твоих создателей",
        "userDefined": false
      }
    ],
    "isTemplate": false,
    "count": 0,
    "lang": "ru",
    "updated": 0
  },
  {
    "id": "98948d17-dad8-402a-9af1-d2c2d94eda55",
    "data": [
      {
        "text": "какие ещё есть продукты",
        "userDefined": false
      }
    ],
    "isTemplate": false,
    "count": 0,
    "lang": "ru",
    "updated": 0
  },
  {
    "id": "a0fd587a-ae7e-4f20-9136-e98dbd8f653f",
    "data": [
      {
        "text": "что это за приложение",
        "userDefined": false
      }
    ],
    "isTemplate": false,
    "count": 0,
    "lang": "ru",
    "updated": 0
  },
  {
    "id": "0a4bab69-517d-4e23-ab80-ae10dbfe392f",
    "data": [
      {
        "text": "расскажи над чем работает твоя команда",
        "userDefined": false
      }
    ],
    "isTemplate": false,
    "count": 0,
    "lang": "ru",
    "updated": 0
  },
  {
    "id": "93c1abeb-6668-47bc-a9e2-b2c1e4675e28",
    "data": [
      {
        "text": "разработали ли ещё приложения",
        "userDefined": false
      }
    ],
    "isTemplate": false,
    "count": 2,
    "lang": "ru",
    "updated": 0
  },
  {
    "id": "3ac0f6cf-bf3a-4ae5-90ce-2562499b4888",
    "data": [
      {
        "text": "покажи мне информацию про разработчиков",
        "userDefined": false
      }
    ],
    "isTemplate": false,
    "count": 0,
    "lang": "ru",
    "updated": 0
  },
  {
    "id": "8feaefe7-9f1d-45ab-a7ed-3c5d1f47a45a",
    "data": [
      {
        "text": "я хочу узнать больше про твоих разработчиков",
        "userDefined": false
      }
    ],
    "isTemplate": false,
    "count": 0,
    "lang": "ru",
    "updated": 0
  },
  {
    "id": "721ffa0e-9044-4a06-aa63-a3561065cac7",
    "data": [
      {
        "text": "расскажи мне побольше про разработчиков этой компании",
        "userDefined": false
      }
    ],
    "isTemplate": false,
    "count": 0,
    "lang": "ru",
    "updated": 0
  },
  {
    "id": "58ba8247-9888-4857-ac15-d870adaccf9f",
    "data": [
      {
        "text": "расскажи мне про компанию где тебя изобрели",
        "userDefined": false
      }
    ],
    "isTemplate": false,
    "count": 0,
    "lang": "ru",
    "updated": 0
  },
  {
    "id": "7729ad92-f67a-498d-a6d5-e40970f0faa9",
    "data": [
      {
        "text": "лучший продукт твоей компании",
        "userDefined": false
      }
    ],
    "isTemplate": false,
    "count": 0,
    "lang": "ru",
    "updated": 0
  },
  {
    "id": "88b8e357-3983-40ae-bf89-41938f055299",
    "data": [
      {
        "text": "что делают твои разработчики",
        "userDefined": false
      }
    ],
    "isTemplate": false,
    "count": 1,
    "lang": "ru",
    "updated": 0
  },
  {
    "id": "4c080f4d-2da1-491d-829d-ab2616e36127",
    "data": [
      {
        "text": "про что это приложение",
        "userDefined": false
      }
    ],
    "isTemplate": false,
    "count": 0,
    "lang": "ru",
    "updated": 0
  },
  {
    "id": "ef08d2bc-f340-4316-919f-c27b52c59df0",
    "data": [
      {
        "text": "расскажи про твоих разработчиков",
        "userDefined": false
      }
    ],
    "isTemplate": false,
    "count": 0,
    "lang": "ru",
    "updated": 0
  },
  {
    "id": "fb779e62-350f-47b3-b5d8-94525bbcf241",
    "data": [
      {
        "text": "расскажи мне про твоих создателей",
        "userDefined": false
      }
    ],
    "isTemplate": false,
    "count": 0,
    "lang": "ru",
    "updated": 0
  },
  {
    "id": "dcb569a4-800c-429d-b7dc-04aad01a01b9",
    "data": [
      {
        "text": "что ещё делают разработчики",
        "userDefined": false
      }
    ],
    "isTemplate": false,
    "count": 0,
    "lang": "ru",
    "updated": 0
  },
  {
    "id": "96f094dc-4480-4929-bc8b-4b48e8ba858d",
    "data": [
      {
        "text": "создали ли твои разработчики ещё что-то",
        "userDefined": false
      }
    ],
    "isTemplate": false,
    "count": 0,
    "lang": "ru",
    "updated": 0
  },
  {
    "id": "c202c27d-c583-4d55-b61b-2783c3dcb992",
    "data": [
      {
        "text": "больше информации про разработчиков",
        "userDefined": false
      }
    ],
    "isTemplate": false,
    "count": 0,
    "lang": "ru",
    "updated": 0
  }
]