[
  {
    "id": "d1e5d727-6881-462e-9258-09d3329eef78",
    "data": [
      {
        "text": "como contactar os seus programadores",
        "userDefined": false
      }
    ],
    "isTemplate": false,
    "count": 0,
    "lang": "pt",
    "updated": 0
  },
  {
    "id": "6b7b7bce-9d7c-454f-ac81-4bb76405bab9",
    "data": [
      {
        "text": "como contacto os seus programadores",
        "userDefined": false
      }
    ],
    "isTemplate": false,
    "count": 0,
    "lang": "pt",
    "updated": 0
  },
  {
    "id": "0e4832df-96b0-4e67-8455-3a204ecb6c92",
    "data": [
      {
        "text": "quero contactar o seu criador",
        "userDefined": false
      }
    ],
    "isTemplate": false,
    "count": 0,
    "lang": "pt",
    "updated": 0
  },
  {
    "id": "6c69d8d8-a441-4e5b-a7b3-004c73359731",
    "data": [
      {
        "text": "contactar os seus programadores",
        "userDefined": false
      }
    ],
    "isTemplate": false,
    "count": 0,
    "lang": "pt",
    "updated": 0
  },
  {
    "id": "72d1a0dd-00d2-4c1a-a0e3-026290e4c962",
    "data": [
      {
        "text": "informações de contacto dos seus programadores",
        "userDefined": false
      }
    ],
    "isTemplate": false,
    "count": 0,
    "lang": "pt",
    "updated": 0
  },
  {
    "id": "bab89121-ad30-46e7-b58b-e80a4e344624",
    "data": [
      {
        "text": "encontrar os contactos dos seus criadores",
        "userDefined": false
      }
    ],
    "isTemplate": false,
    "count": 0,
    "lang": "pt",
    "updated": 0
  },
  {
    "id": "1effaaf8-a9df-4b74-bc4b-5fe4bc19c3eb",
    "data": [
      {
        "text": "forneça-me os contactos dos seus programadores",
        "userDefined": false
      }
    ],
    "isTemplate": false,
    "count": 0,
    "lang": "pt",
    "updated": 0
  },
  {
    "id": "aaa32ffb-dde9-4c34-8f28-c175728ebb69",
    "data": [
      {
        "text": "contacte os seus criadores",
        "userDefined": false
      }
    ],
    "isTemplate": false,
    "count": 0,
    "lang": "pt",
    "updated": 0
  },
  {
    "id": "5d852c8c-8d1b-492a-9c04-fd3e6697be19",
    "data": [
      {
        "text": "quais são as suas informações de contacto",
        "userDefined": false
      }
    ],
    "isTemplate": false,
    "count": 1,
    "lang": "pt",
    "updated": 0
  }
]