[
  {
    "id": "ad3a545e-9e8c-4b10-aa5f-2fe64a740149",
    "data": [
      {
        "text": "还要电话号码",
        "userDefined": false
      }
    ],
    "isTemplate": false,
    "count": 0,
    "lang": "zh-cn",
    "updated": 0
  },
  {
    "id": "0690860d-74a0-4f2d-b2ae-57379e6b4f24",
    "data": [
      {
        "text": "他们",
        "userDefined": false
      },
      {
        "text": "的",
        "userDefined": false
      },
      {
        "text": "电话",
        "userDefined": false
      }
    ],
    "isTemplate": false,
    "count": 0,
    "lang": "zh-cn",
    "updated": 0
  },
  {
    "id": "781c431d-c7b0-4a1a-9cb7-8b145be1eb63",
    "data": [
      {
        "text": "关于电话号码",
        "userDefined": false
      }
    ],
    "isTemplate": false,
    "count": 0,
    "lang": "zh-cn",
    "updated": 0
  },
  {
    "id": "b9a1786f-c6c4-4c7e-a596-fcd4aa0099ce",
    "data": [
      {
        "text": "还能不能电话号码",
        "userDefined": false
      }
    ],
    "isTemplate": false,
    "count": 0,
    "lang": "zh-cn",
    "updated": 0
  },
  {
    "id": "c15269e9-39c4-4a72-8ea6-ee47e4ab26e6",
    "data": [
      {
        "text": "我还很想电话号码",
        "userDefined": false
      }
    ],
    "isTemplate": false,
    "count": 0,
    "lang": "zh-cn",
    "updated": 0
  },
  {
    "id": "026796ae-9874-4305-aaac-9ab5c0d2707d",
    "data": [
      {
        "text": "电话",
        "userDefined": false
      }
    ],
    "isTemplate": false,
    "count": 0,
    "lang": "zh-cn",
    "updated": 0
  },
  {
    "id": "3f6afc9c-6618-4e5f-ac34-83146cc16af1",
    "data": [
      {
        "text": "还需要电话号码",
        "userDefined": false
      }
    ],
    "isTemplate": false,
    "count": 0,
    "lang": "zh-cn",
    "updated": 0
  },
  {
    "id": "a64a8423-efd8-47f4-b2f0-3646cf0325d0",
    "data": [
      {
        "text": "我还要电话号码",
        "userDefined": false
      }
    ],
    "isTemplate": false,
    "count": 0,
    "lang": "zh-cn",
    "updated": 0
  },
  {
    "id": "a0c7b3b3-b55c-43eb-8b33-e62511522460",
    "data": [
      {
        "text": "怎么能电话号码",
        "userDefined": false
      }
    ],
    "isTemplate": false,
    "count": 0,
    "lang": "zh-cn",
    "updated": 0
  },
  {
    "id": "0f619e5f-d758-4c65-ad17-956630f3d416",
    "data": [
      {
        "text": "能不能电话号码",
        "userDefined": false
      }
    ],
    "isTemplate": false,
    "count": 0,
    "lang": "zh-cn",
    "updated": 0
  },
  {
    "id": "f5b438e7-cb4c-44ee-831b-7d7cab7cb4c3",
    "data": [
      {
        "text": "现在电话号码",
        "userDefined": false
      }
    ],
    "isTemplate": false,
    "count": 0,
    "lang": "zh-cn",
    "updated": 0
  },
  {
    "id": "9b087956-2097-416d-8c44-42448e9dc14c",
    "data": [
      {
        "text": "会不会电话号码",
        "userDefined": false
      }
    ],
    "isTemplate": false,
    "count": 0,
    "lang": "zh-cn",
    "updated": 0
  }
]