[
  {
    "id": "fdd9731a-6e05-4a2c-8673-c4e9266f6f90",
    "data": [
      {
        "text": "pode dar-me o endereço de email dos seus programadores",
        "userDefined": false
      }
    ],
    "isTemplate": false,
    "count": 0,
    "lang": "pt",
    "updated": 0
  },
  {
    "id": "18a13e30-300e-42cf-a773-671d7ee82bb4",
    "data": [
      {
        "text": "dê-me o endereço de email dos seus programadores",
        "userDefined": false
      }
    ],
    "isTemplate": false,
    "count": 0,
    "lang": "pt",
    "updated": 0
  },
  {
    "id": "1056cb86-7867-41cc-8f22-9d92a0ff984a",
    "data": [
      {
        "text": "forneça-me o email dos seus programadores",
        "userDefined": false
      }
    ],
    "isTemplate": false,
    "count": 0,
    "lang": "pt",
    "updated": 0
  },
  {
    "id": "c429345d-6999-4697-9032-4a038bb79d6e",
    "data": [
      {
        "text": "qual é o email dos seus programadores",
        "userDefined": false
      }
    ],
    "isTemplate": false,
    "count": 0,
    "lang": "pt",
    "updated": 0
  },
  {
    "id": "95b78ef0-6756-4f60-982c-08a2f6534965",
    "data": [
      {
        "text": "qual é o email dos programadores",
        "userDefined": false
      }
    ],
    "isTemplate": false,
    "count": 0,
    "lang": "pt",
    "updated": 0
  },
  {
    "id": "fd77cf1b-fab0-42bc-9b34-f7937b5f30a9",
    "data": [
      {
        "text": "quero contactar os seus programadores dê-me o endereço de email deles",
        "userDefined": false
      }
    ],
    "isTemplate": false,
    "count": 0,
    "lang": "pt",
    "updated": 0
  },
  {
    "id": "48705121-f5c6-40b0-8699-b13e6cb1cdef",
    "data": [
      {
        "text": "posso enviar um email aos seus programadores",
        "userDefined": false
      }
    ],
    "isTemplate": false,
    "count": 0,
    "lang": "pt",
    "updated": 0
  },
  {
    "id": "7324eaf9-de5b-4ec9-bfee-2bb95164141c",
    "data": [
      {
        "text": "quero contactar os seus programadores mostre-me o email deles",
        "userDefined": false
      }
    ],
    "isTemplate": false,
    "count": 0,
    "lang": "pt",
    "updated": 0
  },
  {
    "id": "1e171887-d02a-47a0-ba29-fc1abd2caa7c",
    "data": [
      {
        "text": "gostaria de escrever um email para os seus programadores",
        "userDefined": false
      }
    ],
    "isTemplate": false,
    "count": 0,
    "lang": "pt",
    "updated": 0
  },
  {
    "id": "f47a8cc6-6ddb-4ad4-8c59-6b280e1e26e2",
    "data": [
      {
        "text": "mostre-me o email dos seus programadores",
        "userDefined": false
      }
    ],
    "isTemplate": false,
    "count": 0,
    "lang": "pt",
    "updated": 0
  },
  {
    "id": "c12066f2-091d-4e9e-a572-ee19942cc689",
    "data": [
      {
        "text": "como enviar um email para os seus criadores",
        "userDefined": false
      }
    ],
    "isTemplate": false,
    "count": 0,
    "lang": "pt",
    "updated": 0
  }
]