[
  {
    "id": "7e51c89f-5602-4d8d-9fd6-2a03be3cfe84",
    "data": [
      {
        "text": "et le numéro téléphonique",
        "userDefined": false
      }
    ],
    "isTemplate": false,
    "count": 0,
    "lang": "fr",
    "updated": 0
  },
  {
    "id": "1404af38-c5ef-48b5-9696-30323fa356bf",
    "data": [
      {
        "text": "et leur numéro de ",
        "userDefined": false
      },
      {
        "text": "téléphone",
        "userDefined": false
      }
    ],
    "isTemplate": false,
    "count": 0,
    "lang": "fr",
    "updated": 0
  },
  {
    "id": "ca3fe42b-7026-45e8-9ec4-5aba6657a29f",
    "data": [
      {
        "text": "le numéro de ",
        "userDefined": false
      },
      {
        "text": "téléphone",
        "userDefined": false
      },
      {
        "text": " aussi maintenant",
        "userDefined": false
      }
    ],
    "isTemplate": false,
    "count": 0,
    "lang": "fr",
    "updated": 0
  },
  {
    "id": "da8a1e34-c08f-4c6c-8744-78ba119fcd9a",
    "data": [
      {
        "text": "leur numéro maintenant s\u0027il te plaît",
        "userDefined": false
      }
    ],
    "isTemplate": false,
    "count": 0,
    "lang": "fr",
    "updated": 0
  },
  {
    "id": "a7e90f6d-168d-4985-a770-eb86d9d9d28a",
    "data": [
      {
        "text": "leur numéro aussi",
        "userDefined": false
      }
    ],
    "isTemplate": false,
    "count": 0,
    "lang": "fr",
    "updated": 0
  },
  {
    "id": "ab1679f6-9024-4e34-963b-4125b7a49946",
    "data": [
      {
        "text": "et le numéro de ",
        "userDefined": false
      },
      {
        "text": "téléphone",
        "userDefined": false
      }
    ],
    "isTemplate": false,
    "count": 0,
    "lang": "fr",
    "updated": 0
  },
  {
    "id": "bd41d600-55f4-470f-b7aa-189e885b8c4f",
    "data": [
      {
        "text": "maintenant",
        "userDefined": false
      },
      {
        "text": " leur numéro ",
        "userDefined": false
      },
      {
        "text": "de",
        "userDefined": false
      },
      {
        "text": " ",
        "userDefined": false
      },
      {
        "text": "téléphone",
        "userDefined": false
      }
    ],
    "isTemplate": false,
    "count": 0,
    "lang": "fr",
    "updated": 0
  }
]