[
  {
    "id": "cca33dd8-6484-484f-bf45-8ed42d0b2d4e",
    "data": [
      {
        "text": "comment faire pour contacter ton entreprise",
        "userDefined": false
      }
    ],
    "isTemplate": false,
    "count": 0,
    "lang": "fr",
    "updated": 0
  },
  {
    "id": "416ac2c2-8a5b-4c18-b221-6dc2cbbb5b80",
    "data": [
      {
        "text": "comment faire pour contacter tes créateurs",
        "userDefined": false
      }
    ],
    "isTemplate": false,
    "count": 0,
    "lang": "fr",
    "updated": 0
  },
  {
    "id": "78d1b803-4909-4375-b9ac-6e28025f6af8",
    "data": [
      {
        "text": "as-tu les coordonnées de tes créateurs",
        "userDefined": false
      }
    ],
    "isTemplate": false,
    "count": 0,
    "lang": "fr",
    "updated": 0
  },
  {
    "id": "f0ecfdd0-b8cd-422b-86ea-4e9905f28e8c",
    "data": [
      {
        "text": "je veux contacter tes développeurs",
        "userDefined": false
      }
    ],
    "isTemplate": false,
    "count": 0,
    "lang": "fr",
    "updated": 0
  },
  {
    "id": "6b5a6116-6629-4a09-af26-e106b82701b2",
    "data": [
      {
        "text": "qu\u0027est-ce que je fais pour contacter tes concepteurs",
        "userDefined": false
      }
    ],
    "isTemplate": false,
    "count": 0,
    "lang": "fr",
    "updated": 0
  },
  {
    "id": "fd628bde-8bdd-42ce-ba97-64239129f21e",
    "data": [
      {
        "text": "les",
        "userDefined": false
      },
      {
        "text": " coordonnées ",
        "userDefined": false
      },
      {
        "text": "de",
        "userDefined": false
      },
      {
        "text": " tes développeurs",
        "userDefined": false
      }
    ],
    "isTemplate": false,
    "count": 0,
    "lang": "fr",
    "updated": 0
  },
  {
    "id": "016c66a0-3848-437f-8795-edbdebe2b792",
    "data": [
      {
        "text": "je voudrais contacter tes développeurs",
        "userDefined": false
      }
    ],
    "isTemplate": false,
    "count": 1,
    "lang": "fr",
    "updated": 0
  },
  {
    "id": "ecadbbb0-43fe-4b6e-aba8-5b5a64e0c1da",
    "data": [
      {
        "text": "peux-tu me donner les coordonnées de tes concepteurs",
        "userDefined": false
      }
    ],
    "isTemplate": false,
    "count": 0,
    "lang": "fr",
    "updated": 0
  },
  {
    "id": "925c64a9-135f-4679-836d-3807238e1a69",
    "data": [
      {
        "text": "donne-moi les coordonnées de tes développeurs",
        "userDefined": false
      }
    ],
    "isTemplate": false,
    "count": 0,
    "lang": "fr",
    "updated": 0
  },
  {
    "id": "a8eb3121-8f7d-488d-8eed-72cda7afa0ed",
    "data": [
      {
        "text": "je veux contacter tes  créateurs",
        "userDefined": false
      }
    ],
    "isTemplate": false,
    "count": 0,
    "lang": "fr",
    "updated": 0
  }
]