[
  {
    "id": "d56e179b-b17a-457a-9b1c-921a555c9588",
    "data": [
      {
        "text": "你的开发人员电子邮件",
        "userDefined": false
      }
    ],
    "isTemplate": false,
    "count": 0,
    "lang": "zh-cn",
    "updated": 0
  },
  {
    "id": "9f0d7a6d-152a-46b3-9232-de33df84794f",
    "data": [
      {
        "text": "联系你的开发人员电子邮件",
        "userDefined": false
      }
    ],
    "isTemplate": false,
    "count": 0,
    "lang": "zh-cn",
    "updated": 0
  },
  {
    "id": "883081c1-86e8-4131-89bd-37f0c4764e1e",
    "data": [
      {
        "text": "如何联系你的开发人员电子邮件",
        "userDefined": false
      }
    ],
    "isTemplate": false,
    "count": 0,
    "lang": "zh-cn",
    "updated": 0
  },
  {
    "id": "6e961f3b-044e-4614-951b-8d69ddac5c52",
    "data": [
      {
        "text": "你的开发者的电子邮件地址是什么",
        "userDefined": false
      }
    ],
    "isTemplate": false,
    "count": 1,
    "lang": "zh-cn",
    "updated": 0
  },
  {
    "id": "4ec8b156-62a0-4c18-89d4-4859d915a6b2",
    "data": [
      {
        "text": "我想给你的开发者写一封电子邮件",
        "userDefined": false
      }
    ],
    "isTemplate": false,
    "count": 0,
    "lang": "zh-cn",
    "updated": 0
  },
  {
    "id": "278df92b-c892-4b8c-9a39-7a27fdf3beb5",
    "data": [
      {
        "text": "给我你的开发者电子邮件",
        "userDefined": false
      }
    ],
    "isTemplate": false,
    "count": 0,
    "lang": "zh-cn",
    "updated": 0
  },
  {
    "id": "e4b3b4b9-3f8d-4e31-aa39-9c11136a3ea0",
    "data": [
      {
        "text": "你的开发人员的电子邮件是什么",
        "userDefined": false
      }
    ],
    "isTemplate": false,
    "count": 0,
    "lang": "zh-cn",
    "updated": 0
  },
  {
    "id": "2dcfeea3-6d85-4f9b-8a46-81386f820a68",
    "data": [
      {
        "text": "我想要联系你的开发人员电子邮件",
        "userDefined": false
      }
    ],
    "isTemplate": false,
    "count": 0,
    "lang": "zh-cn",
    "updated": 0
  },
  {
    "id": "448626d5-3d05-40bf-9cc7-f0614a96fe90",
    "data": [
      {
        "text": "给我你的开发人员的电子邮件地址",
        "userDefined": false
      }
    ],
    "isTemplate": false,
    "count": 0,
    "lang": "zh-cn",
    "updated": 0
  },
  {
    "id": "9a409523-632d-4dd6-9b73-b84a55e88deb",
    "data": [
      {
        "text": "怎么联系你的开发人员电子邮件",
        "userDefined": false
      }
    ],
    "isTemplate": false,
    "count": 0,
    "lang": "zh-cn",
    "updated": 0
  },
  {
    "id": "37cebb0e-93c5-49b1-9636-18b5c2addac2",
    "data": [
      {
        "text": "你能给我开发者的电子邮件地址吗",
        "userDefined": false
      }
    ],
    "isTemplate": false,
    "count": 0,
    "lang": "zh-cn",
    "updated": 0
  },
  {
    "id": "9caef585-a359-4a05-8b40-c11b9581e09f",
    "data": [
      {
        "text": "您的开发人员发邮",
        "userDefined": false
      }
    ],
    "isTemplate": false,
    "count": 0,
    "lang": "zh-cn",
    "updated": 0
  },
  {
    "id": "0b97175d-de17-48f5-b4e9-bbc2a59a825b",
    "data": [
      {
        "text": "我想通过电子邮件与您的开发人员联系",
        "userDefined": false
      }
    ],
    "isTemplate": false,
    "count": 0,
    "lang": "zh-cn",
    "updated": 0
  },
  {
    "id": "6fdbb64b-39ef-472c-9256-b337f1bf17e8",
    "data": [
      {
        "text": "你的开发者有什么电子邮件",
        "userDefined": false
      }
    ],
    "isTemplate": false,
    "count": 0,
    "lang": "zh-cn",
    "updated": 0
  },
  {
    "id": "8d89f262-ae2d-4831-9331-b525a183f8b1",
    "data": [
      {
        "text": "现在为了他们的电子邮件",
        "userDefined": false
      }
    ],
    "isTemplate": false,
    "count": 0,
    "lang": "zh-cn",
    "updated": 0
  },
  {
    "id": "b8b60fe6-fe84-4eba-8f6e-2433c0e79459",
    "data": [
      {
        "text": "告诉我怎联系你的开发人员电子邮件",
        "userDefined": false
      }
    ],
    "isTemplate": false,
    "count": 0,
    "lang": "zh-cn",
    "updated": 0
  },
  {
    "id": "0dcd8fe1-f3ba-4c8b-bf70-652e5b7f5786",
    "data": [
      {
        "text": "我要联系你的开发人员电子邮件",
        "userDefined": false
      }
    ],
    "isTemplate": false,
    "count": 0,
    "lang": "zh-cn",
    "updated": 0
  }
]