[
  {
    "id": "f3dbdfa1-a427-45b8-a57e-45bf5fa4abe6",
    "data": [
      {
        "text": "你的测试版在哪里",
        "userDefined": false
      }
    ],
    "isTemplate": false,
    "count": 0,
    "lang": "zh-cn",
    "updated": 0
  },
  {
    "id": "6ff1c631-2f7d-4441-a567-21bb2403b0e9",
    "data": [
      {
        "text": "搜索您的测试版本",
        "userDefined": false
      }
    ],
    "isTemplate": false,
    "count": 0,
    "lang": "zh-cn",
    "updated": 0
  },
  {
    "id": "16063ae1-2feb-4000-ac4c-4294a10cfc37",
    "data": [
      {
        "text": "测试版本",
        "userDefined": false
      }
    ],
    "isTemplate": false,
    "count": 0,
    "lang": "zh-cn",
    "updated": 0
  },
  {
    "id": "b82d467d-afda-4d65-9c32-da4d5460f473",
    "data": [
      {
        "text": "显示您的测试版本",
        "userDefined": false
      }
    ],
    "isTemplate": false,
    "count": 0,
    "lang": "zh-cn",
    "updated": 0
  },
  {
    "id": "a206010c-ba0f-405f-bda1-aa8a0aa53f08",
    "data": [
      {
        "text": "你有测试版吗",
        "userDefined": false
      }
    ],
    "isTemplate": false,
    "count": 0,
    "lang": "zh-cn",
    "updated": 0
  },
  {
    "id": "a4ef7fd7-ebc3-4925-9ee5-0f49045da7a1",
    "data": [
      {
        "text": "参加你的测试版",
        "userDefined": false
      }
    ],
    "isTemplate": false,
    "count": 0,
    "lang": "zh-cn",
    "updated": 0
  },
  {
    "id": "931c3f6f-6c20-40b1-9bd2-379bdf672d8d",
    "data": [
      {
        "text": "你有测试版本吗",
        "userDefined": false
      }
    ],
    "isTemplate": false,
    "count": 0,
    "lang": "zh-cn",
    "updated": 0
  },
  {
    "id": "a5092ef8-9647-4fda-873b-9a23a1073e6a",
    "data": [
      {
        "text": "你有这测试版吗",
        "userDefined": false
      }
    ],
    "isTemplate": false,
    "count": 0,
    "lang": "zh-cn",
    "updated": 0
  },
  {
    "id": "22ae14f2-04e1-405e-a1e7-ef8642e87bc8",
    "data": [
      {
        "text": "你的测试版本",
        "userDefined": false
      }
    ],
    "isTemplate": false,
    "count": 0,
    "lang": "zh-cn",
    "updated": 0
  },
  {
    "id": "ce2e7014-c5c8-4bce-83b4-7c5ebd232b46",
    "data": [
      {
        "text": "你的测试版",
        "userDefined": false
      }
    ],
    "isTemplate": false,
    "count": 0,
    "lang": "zh-cn",
    "updated": 0
  },
  {
    "id": "0e2bea71-e1b4-4ded-abde-4556e2af4797",
    "data": [
      {
        "text": "如何下载你的测试版",
        "userDefined": false
      }
    ],
    "isTemplate": false,
    "count": 0,
    "lang": "zh-cn",
    "updated": 0
  },
  {
    "id": "76be00ac-58d4-4d15-ac74-f47ed645317a",
    "data": [
      {
        "text": "测试版本的应用程序",
        "userDefined": false
      }
    ],
    "isTemplate": false,
    "count": 0,
    "lang": "zh-cn",
    "updated": 0
  },
  {
    "id": "40a2e622-178b-4b7e-ba2f-720a7e7db193",
    "data": [
      {
        "text": "我想成为您的测试人员",
        "userDefined": false
      }
    ],
    "isTemplate": false,
    "count": 0,
    "lang": "zh-cn",
    "updated": 0
  },
  {
    "id": "a3d69652-27fd-4262-aca0-7a2b9e191083",
    "data": [
      {
        "text": "在哪里可以找到你的测试版本",
        "userDefined": false
      }
    ],
    "isTemplate": false,
    "count": 0,
    "lang": "zh-cn",
    "updated": 0
  },
  {
    "id": "1ea928f4-3aef-4e24-9cfc-9798ae893be0",
    "data": [
      {
        "text": "搜索你的测试版",
        "userDefined": false
      }
    ],
    "isTemplate": false,
    "count": 0,
    "lang": "zh-cn",
    "updated": 0
  },
  {
    "id": "d1b3be06-f51e-4ee8-8b18-9ac9634d6c67",
    "data": [
      {
        "text": "关于测试版",
        "userDefined": false
      }
    ],
    "isTemplate": false,
    "count": 0,
    "lang": "zh-cn",
    "updated": 0
  },
  {
    "id": "1914d549-daf3-4ff4-86ef-168da60e3980",
    "data": [
      {
        "text": "我想参加你的测试版",
        "userDefined": false
      }
    ],
    "isTemplate": false,
    "count": 0,
    "lang": "zh-cn",
    "updated": 0
  },
  {
    "id": "c40816c7-fe77-44b0-b94a-09938e2c9e96",
    "data": [
      {
        "text": "我想加入 Beta 版测试组",
        "userDefined": false
      }
    ],
    "isTemplate": false,
    "count": 0,
    "lang": "zh-cn",
    "updated": 0
  },
  {
    "id": "57703422-3077-4ab6-9386-f8f48a796e2d",
    "data": [
      {
        "text": "显示你的测试版",
        "userDefined": false
      }
    ],
    "isTemplate": false,
    "count": 0,
    "lang": "zh-cn",
    "updated": 0
  },
  {
    "id": "149f8aa4-3931-4c49-bb2d-4a18937790ef",
    "data": [
      {
        "text": "我想测试你的测试版本",
        "userDefined": false
      }
    ],
    "isTemplate": false,
    "count": 0,
    "lang": "zh-cn",
    "updated": 0
  },
  {
    "id": "90777649-ffbe-445d-8d07-90ce5c5eb385",
    "data": [
      {
        "text": "你有没有测试版",
        "userDefined": false
      }
    ],
    "isTemplate": false,
    "count": 0,
    "lang": "zh-cn",
    "updated": 0
  },
  {
    "id": "66827233-7374-4df9-889e-54e3cf098e3c",
    "data": [
      {
        "text": "下载捏的测试版",
        "userDefined": false
      }
    ],
    "isTemplate": false,
    "count": 0,
    "lang": "zh-cn",
    "updated": 0
  }
]