[
  {
    "id": "ff700ff4-c606-4c0d-ad81-25d17e7f44d8",
    "data": [
      {
        "text": "o ",
        "userDefined": false
      },
      {
        "text": "Instagram",
        "meta": "@media",
        "alias": "media",
        "userDefined": true
      },
      {
        "text": " também",
        "userDefined": false
      }
    ],
    "isTemplate": false,
    "count": 0,
    "lang": "pt",
    "updated": 0
  },
  {
    "id": "caf8462e-8920-4fe1-bee7-4484a4b8b459",
    "data": [
      {
        "text": "o seu ",
        "userDefined": false
      },
      {
        "text": "Twitter",
        "meta": "@media",
        "alias": "media",
        "userDefined": true
      },
      {
        "text": " também",
        "userDefined": false
      }
    ],
    "isTemplate": false,
    "count": 0,
    "lang": "pt",
    "updated": 0
  },
  {
    "id": "0686b46c-61a3-4a24-9a03-1a6bc030c6a6",
    "data": [
      {
        "text": "também preciso da página do ",
        "userDefined": false
      },
      {
        "text": "Facebook",
        "meta": "@media",
        "alias": "media",
        "userDefined": true
      }
    ],
    "isTemplate": false,
    "count": 0,
    "lang": "pt",
    "updated": 0
  },
  {
    "id": "ad4c2316-5574-4a38-951e-8e06cf1af7cb",
    "data": [
      {
        "text": "e o seu ",
        "userDefined": false
      },
      {
        "text": "Twitter",
        "meta": "@media",
        "alias": "media",
        "userDefined": true
      }
    ],
    "isTemplate": false,
    "count": 0,
    "lang": "pt",
    "updated": 0
  },
  {
    "id": "18b84cc8-2ce3-476c-a5a0-e818d6ff42b3",
    "data": [
      {
        "text": "e o ",
        "userDefined": false
      },
      {
        "text": "Twitter",
        "meta": "@media",
        "alias": "media",
        "userDefined": true
      }
    ],
    "isTemplate": false,
    "count": 0,
    "lang": "pt",
    "updated": 0
  },
  {
    "id": "02b246f1-bd1d-4a21-ac0a-69833f71c734",
    "data": [
      {
        "text": "e o ",
        "userDefined": false
      },
      {
        "text": "Instagram",
        "meta": "@media",
        "alias": "media",
        "userDefined": true
      }
    ],
    "isTemplate": false,
    "count": 0,
    "lang": "pt",
    "updated": 0
  },
  {
    "id": "998fa9fa-7615-41a9-9546-740ff5deaf77",
    "data": [
      {
        "text": "também o ",
        "userDefined": false
      },
      {
        "text": "Twitter",
        "meta": "@media",
        "alias": "media",
        "userDefined": true
      }
    ],
    "isTemplate": false,
    "count": 0,
    "lang": "pt",
    "updated": 0
  },
  {
    "id": "b374dc71-1348-41c2-8188-d5fec2429889",
    "data": [
      {
        "text": "o seu ",
        "userDefined": false
      },
      {
        "text": "Instagram",
        "meta": "@media",
        "alias": "media",
        "userDefined": true
      }
    ],
    "isTemplate": false,
    "count": 0,
    "lang": "pt",
    "updated": 0
  },
  {
    "id": "56045574-2a0c-4d95-b04d-d59b8744118e",
    "data": [
      {
        "text": "e a página do ",
        "userDefined": false
      },
      {
        "text": "Facebook",
        "meta": "@media",
        "alias": "media",
        "userDefined": true
      }
    ],
    "isTemplate": false,
    "count": 1,
    "lang": "pt",
    "updated": 0
  }
]