[
  {
    "id": "3d53f627-aa33-4bf2-8853-40a9a1182a13",
    "data": [
      {
        "text": "音声アクティベーションが正しく機能しない",
        "meta": "@sys.any",
        "alias": "message",
        "userDefined": true
      },
      {
        "text": "バグのレポートをデベロッパーに送信します",
        "userDefined": false
      }
    ],
    "isTemplate": false,
    "count": 0,
    "lang": "ja",
    "updated": 0
  },
  {
    "id": "1404f29c-0270-4944-b607-33442cb3de25",
    "data": [
      {
        "text": "ウィジェットが動作しない",
        "meta": "@sys.any",
        "alias": "message",
        "userDefined": true
      },
      {
        "text": "問題をレポートします",
        "userDefined": false
      }
    ],
    "isTemplate": false,
    "count": 4,
    "lang": "ja",
    "updated": 0
  },
  {
    "id": "91a1ec7f-433b-48c7-83c8-bd82036faca8",
    "data": [
      {
        "text": "問題解決のためにご協力ください",
        "userDefined": false
      }
    ],
    "isTemplate": false,
    "count": 1,
    "lang": "ja",
    "updated": 0
  },
  {
    "id": "20d5fe05-840c-4e90-ab15-927251f7e9f1",
    "data": [
      {
        "text": "デベロッパー向けにエラーを表示します",
        "userDefined": false
      }
    ],
    "isTemplate": false,
    "count": 0,
    "lang": "ja",
    "updated": 0
  },
  {
    "id": "915189f4-defa-42a3-a05c-cba82b16ee0a",
    "data": [
      {
        "text": "想定どおりに動作しない",
        "meta": "@sys.any",
        "alias": "message",
        "userDefined": true
      },
      {
        "text": "バグをレポートします",
        "userDefined": false
      }
    ],
    "isTemplate": false,
    "count": 1,
    "lang": "ja",
    "updated": 0
  },
  {
    "id": "d8a78d71-e4b4-4cc9-8b54-e44c31b1c7d3",
    "data": [
      {
        "text": "マイク",
        "meta": "@sys.any",
        "alias": "message",
        "userDefined": true
      },
      {
        "text": "に問題があります",
        "userDefined": false
      }
    ],
    "isTemplate": false,
    "count": 2,
    "lang": "ja",
    "updated": 0
  },
  {
    "id": "d486ee76-d9e2-4677-94a5-8b81ecd40dbe",
    "data": [
      {
        "text": "動作しない",
        "meta": "@sys.any",
        "alias": "message",
        "userDefined": true
      },
      {
        "text": "バグをレポートします",
        "userDefined": false
      }
    ],
    "isTemplate": false,
    "count": 1,
    "lang": "ja",
    "updated": 0
  },
  {
    "id": "9bd42b46-392c-4f78-8dae-7b22ff917062",
    "data": [
      {
        "text": "バグレポートを送信します",
        "userDefined": false
      }
    ],
    "isTemplate": false,
    "count": 2,
    "lang": "ja",
    "updated": 0
  },
  {
    "id": "5947c34f-05d2-4fad-8f0c-e87865189fad",
    "data": [
      {
        "text": "カレンダー",
        "meta": "@sys.any",
        "alias": "message",
        "userDefined": true
      },
      {
        "text": "に関するバグを見つけました",
        "userDefined": false
      }
    ],
    "isTemplate": false,
    "count": 0,
    "lang": "ja",
    "updated": 0
  },
  {
    "id": "6d8db25f-f0e3-4e5a-987f-43a056de4bcc",
    "data": [
      {
        "text": "このバグについてデベロッパーに知らせてください",
        "userDefined": false
      }
    ],
    "isTemplate": false,
    "count": 1,
    "lang": "ja",
    "updated": 0
  }
]