[
  {
    "id": "0633bde3-8a2b-4303-9315-4c5526e71613",
    "data": [
      {
        "text": "讓我給你的開發人員聯系",
        "userDefined": false
      }
    ],
    "isTemplate": false,
    "count": 0,
    "lang": "zh-hk",
    "updated": 0
  },
  {
    "id": "a156321e-58f1-4747-8893-2283242c2ca7",
    "data": [
      {
        "text": "聯系你",
        "userDefined": false
      },
      {
        "text": "的",
        "userDefined": true
      },
      {
        "text": "開發",
        "userDefined": true
      },
      {
        "text": "人員",
        "userDefined": false
      }
    ],
    "isTemplate": false,
    "count": 0,
    "lang": "zh-hk",
    "updated": 0
  },
  {
    "id": "e0e876dd-2956-422d-98c9-8f4584500e0a",
    "data": [
      {
        "text": "給你聯系方式是什麽",
        "userDefined": false
      }
    ],
    "isTemplate": false,
    "count": 0,
    "lang": "zh-hk",
    "updated": 0
  },
  {
    "id": "c80df995-7ebb-4553-85f8-50fcfb039b0b",
    "data": [
      {
        "text": "告訴我怎聯系你的開發人員",
        "userDefined": false
      }
    ],
    "isTemplate": false,
    "count": 0,
    "lang": "zh-hk",
    "updated": 0
  },
  {
    "id": "df23c059-d02b-4e71-b288-f49c8eef84b8",
    "data": [
      {
        "text": "如何聯系你的開發人員",
        "userDefined": false
      }
    ],
    "isTemplate": false,
    "count": 0,
    "lang": "zh-hk",
    "updated": 0
  },
  {
    "id": "50cb8ffd-01da-477f-966c-e29498a0a7bc",
    "data": [
      {
        "text": "我可以聯系您的開發人員嗎",
        "userDefined": false
      }
    ],
    "isTemplate": false,
    "count": 0,
    "lang": "zh-hk",
    "updated": 0
  },
  {
    "id": "aef1066a-25ba-44c7-b433-e0c933e20c45",
    "data": [
      {
        "text": "我想聯系你的開發人員",
        "userDefined": false
      }
    ],
    "isTemplate": false,
    "count": 0,
    "lang": "zh-hk",
    "updated": 0
  },
  {
    "id": "5e077bef-a7c5-4712-bbee-6236a820fbab",
    "data": [
      {
        "text": "如何聯系您的開發人員",
        "userDefined": false
      }
    ],
    "isTemplate": false,
    "count": 0,
    "lang": "zh-hk",
    "updated": 0
  },
  {
    "id": "6848d537-c46b-47ef-a486-1851c1ecb0c6",
    "data": [
      {
        "text": "聯系您的創作者",
        "userDefined": false
      }
    ],
    "isTemplate": false,
    "count": 0,
    "lang": "zh-hk",
    "updated": 0
  },
  {
    "id": "c6e115a3-5031-4bb1-a390-1e4191748872",
    "data": [
      {
        "text": "聯系給你的開發人員",
        "userDefined": false
      }
    ],
    "isTemplate": false,
    "count": 0,
    "lang": "zh-hk",
    "updated": 0
  },
  {
    "id": "fd39ede1-c1a0-4b51-a8ce-c9dbd4c0f9d1",
    "data": [
      {
        "text": "怎麽聯系你的開發人員",
        "userDefined": false
      }
    ],
    "isTemplate": false,
    "count": 0,
    "lang": "zh-hk",
    "updated": 0
  },
  {
    "id": "076d1e78-a28b-4a4f-be71-43df84a60731",
    "data": [
      {
        "text": "我要聯系你的開發人員",
        "userDefined": false
      }
    ],
    "isTemplate": false,
    "count": 0,
    "lang": "zh-hk",
    "updated": 0
  },
  {
    "id": "1246b494-a644-42af-9ea5-b7b8750df0df",
    "data": [
      {
        "text": "我想要聯系你的開發人員",
        "userDefined": false
      }
    ],
    "isTemplate": false,
    "count": 0,
    "lang": "zh-hk",
    "updated": 0
  },
  {
    "id": "c98d05cc-43b7-45fa-bc71-2f31931ece76",
    "data": [
      {
        "text": "我想聯系您的開發人員",
        "userDefined": false
      }
    ],
    "isTemplate": false,
    "count": 0,
    "lang": "zh-hk",
    "updated": 0
  },
  {
    "id": "b3c8f07b-b54f-4fd3-b422-08210af1c766",
    "data": [
      {
        "text": "你的開發者聯系信息是什麽",
        "userDefined": false
      }
    ],
    "isTemplate": false,
    "count": 0,
    "lang": "zh-hk",
    "updated": 0
  },
  {
    "id": "9341e132-a516-47a5-928d-82e829a1d814",
    "data": [
      {
        "text": "您的開發人員的聯系方式是什麽",
        "userDefined": false
      }
    ],
    "isTemplate": false,
    "count": 0,
    "lang": "zh-hk",
    "updated": 0
  }
]