[
  {
    "id": "2e5eb24a-f384-482c-a8c2-b4e46034db6d",
    "data": [
      {
        "text": "你的開發人員在哪裏",
        "userDefined": false
      }
    ],
    "isTemplate": false,
    "count": 0,
    "lang": "zh-hk",
    "updated": 0
  },
  {
    "id": "7ff40d4c-93d6-405e-849d-e7416fef0c70",
    "data": [
      {
        "text": "你",
        "userDefined": false
      },
      {
        "text": "的",
        "userDefined": false
      },
      {
        "text": "開發",
        "userDefined": false
      },
      {
        "text": "人員",
        "userDefined": false
      },
      {
        "text": "的地址",
        "userDefined": false
      }
    ],
    "isTemplate": false,
    "count": 0,
    "lang": "zh-hk",
    "updated": 0
  },
  {
    "id": "79ff7c86-b678-4925-b309-c4aec66c369f",
    "data": [
      {
        "text": "你公司在哪裏",
        "userDefined": false
      }
    ],
    "isTemplate": false,
    "count": 0,
    "lang": "zh-hk",
    "updated": 0
  },
  {
    "id": "c01f6aac-2bb6-4fdd-b0d3-cc839d311430",
    "data": [
      {
        "text": "在哪裏可以找到你公司的地址",
        "userDefined": false
      }
    ],
    "isTemplate": false,
    "count": 0,
    "lang": "zh-hk",
    "updated": 0
  },
  {
    "id": "784a6f83-05c4-4e26-8d02-4a8ef4cb58c2",
    "data": [
      {
        "text": "你的創作者在哪裏",
        "userDefined": false
      }
    ],
    "isTemplate": false,
    "count": 0,
    "lang": "zh-hk",
    "updated": 0
  },
  {
    "id": "a4a50429-9791-4719-a44d-781e8f0010be",
    "data": [
      {
        "text": "我需要你的公司地址",
        "userDefined": false
      }
    ],
    "isTemplate": false,
    "count": 0,
    "lang": "zh-hk",
    "updated": 0
  },
  {
    "id": "82a99e19-7fc7-4ecd-a2fc-fec872cabaf7",
    "data": [
      {
        "text": "告訴我你的開發人員的辦公室在哪裏",
        "userDefined": false
      }
    ],
    "isTemplate": false,
    "count": 0,
    "lang": "zh-hk",
    "updated": 0
  },
  {
    "id": "749d8cab-0643-4545-ab18-bb520be6b4ba",
    "data": [
      {
        "text": "你的開發者的地址是什麽",
        "userDefined": false
      }
    ],
    "isTemplate": false,
    "count": 0,
    "lang": "zh-hk",
    "updated": 0
  },
  {
    "id": "53c40995-f998-4a6a-b315-533ae5f48113",
    "data": [
      {
        "text": "你的開發者辦公室的地址",
        "userDefined": false
      }
    ],
    "isTemplate": false,
    "count": 0,
    "lang": "zh-hk",
    "updated": 0
  },
  {
    "id": "a667f7b2-3e99-4190-b484-48d42168df9c",
    "data": [
      {
        "text": "您的開發人員的位置",
        "userDefined": false
      }
    ],
    "isTemplate": false,
    "count": 0,
    "lang": "zh-hk",
    "updated": 0
  },
  {
    "id": "d573f489-9d26-46aa-b883-928596b9f045",
    "data": [
      {
        "text": "你能給我你的開發者地址嗎",
        "userDefined": false
      }
    ],
    "isTemplate": false,
    "count": 0,
    "lang": "zh-hk",
    "updated": 0
  },
  {
    "id": "eb9aa7f4-1199-4049-b0f5-bc0dd02558e1",
    "data": [
      {
        "text": "向我提供開發人員的地址",
        "userDefined": false
      }
    ],
    "isTemplate": false,
    "count": 0,
    "lang": "zh-hk",
    "updated": 0
  },
  {
    "id": "923c7624-b661-48a3-a41a-cc62e6fd4e4c",
    "data": [
      {
        "text": "你的開發人員在哪裏工作",
        "userDefined": false
      }
    ],
    "isTemplate": false,
    "count": 0,
    "lang": "zh-hk",
    "updated": 0
  },
  {
    "id": "c0683a5a-0431-4bfc-99df-5b26f8b7a139",
    "data": [
      {
        "text": "我想知道你公司的主要辦公室在哪裏",
        "userDefined": false
      }
    ],
    "isTemplate": false,
    "count": 0,
    "lang": "zh-hk",
    "updated": 0
  },
  {
    "id": "a76728ad-23b2-4b7f-a08e-a8ddac9c1280",
    "data": [
      {
        "text": "你的開發者的地址",
        "userDefined": false
      }
    ],
    "isTemplate": false,
    "count": 0,
    "lang": "zh-hk",
    "updated": 0
  },
  {
    "id": "21c3f0ae-5a89-4d6b-adf2-9d3e905ad3e8",
    "data": [
      {
        "text": "你的開發人員住在哪裏",
        "userDefined": false
      }
    ],
    "isTemplate": false,
    "count": 0,
    "lang": "zh-hk",
    "updated": 0
  },
  {
    "id": "e850239d-2d70-42de-82cb-56180851fb3d",
    "data": [
      {
        "text": "告訴我你的開發者地址",
        "userDefined": false
      }
    ],
    "isTemplate": false,
    "count": 0,
    "lang": "zh-hk",
    "updated": 0
  },
  {
    "id": "cae12a10-18e1-4dcf-828c-a439522e0ec3",
    "data": [
      {
        "text": "你",
        "userDefined": false
      },
      {
        "text": "的",
        "userDefined": false
      },
      {
        "text": "開發",
        "userDefined": false
      },
      {
        "text": "人員住在哪兒",
        "userDefined": false
      }
    ],
    "isTemplate": false,
    "count": 0,
    "lang": "zh-hk",
    "updated": 0
  },
  {
    "id": "4474bf3c-acea-4ac1-b278-02556fe8578e",
    "data": [
      {
        "text": "給我你的開發者的地址",
        "userDefined": false
      }
    ],
    "isTemplate": false,
    "count": 0,
    "lang": "zh-hk",
    "updated": 0
  }
]