[
  {
    "id": "feac2158-228d-4820-9d97-8d84466e1af3",
    "data": [
      {
        "text": "你們公司開發什麽",
        "userDefined": false
      }
    ],
    "isTemplate": false,
    "count": 0,
    "lang": "zh-hk",
    "updated": 0
  },
  {
    "id": "6f40eec3-3b60-4a7b-84e5-fb477ba5d277",
    "data": [
      {
        "text": "關于你的開發員",
        "userDefined": false
      }
    ],
    "isTemplate": false,
    "count": 0,
    "lang": "zh-hk",
    "updated": 0
  },
  {
    "id": "4a43f767-c4b0-46ca-a006-632603b4977c",
    "data": [
      {
        "text": "你的開發員是誰",
        "userDefined": false
      }
    ],
    "isTemplate": false,
    "count": 0,
    "lang": "zh-hk",
    "updated": 0
  },
  {
    "id": "7a539fbc-667f-4145-83aa-b460d1f830f7",
    "data": [
      {
        "text": "給我介紹你公司的開發人員",
        "userDefined": false
      }
    ],
    "isTemplate": false,
    "count": 1,
    "lang": "zh-hk",
    "updated": 0
  },
  {
    "id": "189137f8-8a1c-4d6e-9254-6b12f458e67d",
    "data": [
      {
        "text": "我需要了解貴公司的開發人員",
        "userDefined": false
      }
    ],
    "isTemplate": false,
    "count": 0,
    "lang": "zh-hk",
    "updated": 0
  },
  {
    "id": "9762e3de-568c-4d64-9067-2fc8969552d1",
    "data": [
      {
        "text": "關于你的開發員消息",
        "userDefined": false
      }
    ],
    "isTemplate": false,
    "count": 0,
    "lang": "zh-hk",
    "updated": 0
  },
  {
    "id": "1b3e8d57-8a4d-4cba-8347-a6a42138d3bc",
    "data": [
      {
        "text": "貴公司是否有其他産品",
        "userDefined": false
      }
    ],
    "isTemplate": false,
    "count": 0,
    "lang": "zh-hk",
    "updated": 0
  },
  {
    "id": "228cdc79-cea3-485e-8588-32861315615b",
    "data": [
      {
        "text": "請你給我介紹你公司的開發人員",
        "userDefined": false
      }
    ],
    "isTemplate": false,
    "count": 0,
    "lang": "zh-hk",
    "updated": 0
  },
  {
    "id": "7bfa3b32-bd44-4238-b9ba-4bec3f95b9f9",
    "data": [
      {
        "text": "你的公司團隊在做什麽工作",
        "userDefined": false
      }
    ],
    "isTemplate": false,
    "count": 0,
    "lang": "zh-hk",
    "updated": 0
  },
  {
    "id": "9d589483-1e6a-40fa-8750-687e2103d450",
    "data": [
      {
        "text": "開發人員有關的信息",
        "userDefined": false
      }
    ],
    "isTemplate": false,
    "count": 0,
    "lang": "zh-hk",
    "updated": 0
  },
  {
    "id": "f30ed697-6285-4cb8-b3c3-cb6528b7eeeb",
    "data": [
      {
        "text": "你的開發員是什麽人",
        "userDefined": false
      }
    ],
    "isTemplate": false,
    "count": 0,
    "lang": "zh-hk",
    "updated": 0
  },
  {
    "id": "f9e28bf8-d3b3-4b7e-926c-9e14783635c2",
    "data": [
      {
        "text": "你的開發者有更多的應用程序",
        "userDefined": false
      }
    ],
    "isTemplate": false,
    "count": 0,
    "lang": "zh-hk",
    "updated": 0
  },
  {
    "id": "278177be-faef-4f97-90fd-381277baf1b9",
    "data": [
      {
        "text": "貴公司是否有更多的應用程式",
        "userDefined": false
      }
    ],
    "isTemplate": false,
    "count": 0,
    "lang": "zh-hk",
    "updated": 0
  },
  {
    "id": "b4c8da81-98d2-46a2-a5e9-b64959a50a85",
    "data": [
      {
        "text": "你的開發者做什麽",
        "userDefined": false
      }
    ],
    "isTemplate": false,
    "count": 0,
    "lang": "zh-hk",
    "updated": 0
  },
  {
    "id": "bcba9f1a-21f6-423c-bfbb-3d6c828bca61",
    "data": [
      {
        "text": "你的開發員消息",
        "userDefined": false
      }
    ],
    "isTemplate": false,
    "count": 0,
    "lang": "zh-hk",
    "updated": 0
  },
  {
    "id": "b61c727e-5744-4d4c-8f1a-730849b2e170",
    "data": [
      {
        "text": "你的開發人員還有什麽",
        "userDefined": false
      }
    ],
    "isTemplate": false,
    "count": 0,
    "lang": "zh-hk",
    "updated": 0
  },
  {
    "id": "393dfc46-d419-421c-9276-a5587ac57fb8",
    "data": [
      {
        "text": "貴公司是否開發任何其他産品",
        "userDefined": false
      }
    ],
    "isTemplate": false,
    "count": 0,
    "lang": "zh-hk",
    "updated": 0
  },
  {
    "id": "e7307807-4180-45b6-aeac-f9be69666c2d",
    "data": [
      {
        "text": "你的開發人員創造別的東西嗎",
        "userDefined": false
      }
    ],
    "isTemplate": false,
    "count": 0,
    "lang": "zh-hk",
    "updated": 0
  },
  {
    "id": "0e1f5000-c215-4c6b-af78-b6af1c4c55d5",
    "data": [
      {
        "text": "你公司最暢銷的産品是什麽",
        "userDefined": false
      }
    ],
    "isTemplate": false,
    "count": 0,
    "lang": "zh-hk",
    "updated": 0
  },
  {
    "id": "9aba0f3f-f015-420e-8384-05fe5062c17b",
    "data": [
      {
        "text": "給我介紹你",
        "userDefined": false
      },
      {
        "text": "的開發人員",
        "userDefined": false
      }
    ],
    "isTemplate": false,
    "count": 0,
    "lang": "zh-hk",
    "updated": 0
  }
]