[
  {
    "id": "0d821162-6db3-4814-a216-86ba1ca6ae6e",
    "data": [
      {
        "text": "deine Firmenwebsite",
        "userDefined": false
      }
    ],
    "isTemplate": false,
    "count": 0,
    "lang": "de",
    "updated": 0
  },
  {
    "id": "22da1a38-8c6f-4e7c-9a5a-8b5bd99a3bc2",
    "data": [
      {
        "text": "suche nach deiner Website",
        "userDefined": false
      }
    ],
    "isTemplate": false,
    "count": 0,
    "lang": "de",
    "updated": 0
  },
  {
    "id": "7d7c8cc9-28a6-4c5b-9aaf-ac6ea109a6c1",
    "data": [
      {
        "text": "hast du eine Website",
        "userDefined": false
      }
    ],
    "isTemplate": false,
    "count": 0,
    "lang": "de",
    "updated": 0
  },
  {
    "id": "badacdfe-be53-4b04-83b3-e3cfe68db5f7",
    "data": [
      {
        "text": "haben deine Entwickler eine Website",
        "userDefined": false
      }
    ],
    "isTemplate": false,
    "count": 0,
    "lang": "de",
    "updated": 0
  },
  {
    "id": "06ca2f1b-d6a1-4615-9a46-0b3d85887126",
    "data": [
      {
        "text": "deine Homepage",
        "userDefined": false
      }
    ],
    "isTemplate": false,
    "count": 0,
    "lang": "de",
    "updated": 0
  },
  {
    "id": "e2a6aa49-361b-49e9-92c8-cda06163363c",
    "data": [
      {
        "text": "deine Website",
        "userDefined": false
      }
    ],
    "isTemplate": false,
    "count": 0,
    "lang": "de",
    "updated": 0
  },
  {
    "id": "7fd8fbe4-2485-4925-bc9e-34ba99942d44",
    "data": [
      {
        "text": "hast du eine Homepage",
        "userDefined": false
      }
    ],
    "isTemplate": false,
    "count": 0,
    "lang": "de",
    "updated": 0
  },
  {
    "id": "324036a9-24cc-48d8-9be0-8c6ebf7f50a8",
    "data": [
      {
        "text": "zeig mir deine Website",
        "userDefined": false
      }
    ],
    "isTemplate": false,
    "count": 0,
    "lang": "de",
    "updated": 0
  },
  {
    "id": "e6a8dabb-3222-43b9-8e06-045d8fecceef",
    "data": [
      {
        "text": "finde deine Website",
        "userDefined": false
      }
    ],
    "isTemplate": false,
    "count": 0,
    "lang": "de",
    "updated": 0
  },
  {
    "id": "dee7f915-a5dd-4d8b-8a26-468da984f763",
    "data": [
      {
        "text": "Website von deiner Firma",
        "userDefined": false
      }
    ],
    "isTemplate": false,
    "count": 0,
    "lang": "de",
    "updated": 0
  }
]