[
  {
    "id": "982252a8-db7b-48cf-9211-5d3db095ff33",
    "data": [
      {
        "text": "quienes son tus diseñadores",
        "userDefined": false
      }
    ],
    "isTemplate": false,
    "count": 0,
    "lang": "es",
    "updated": 0
  },
  {
    "id": "f38e8845-4230-4b11-97c0-d5d9deeeed3d",
    "data": [
      {
        "text": "tus creadores",
        "userDefined": false
      }
    ],
    "isTemplate": false,
    "count": 0,
    "lang": "es",
    "updated": 0
  },
  {
    "id": "76d5ddb0-0716-4534-8fb4-af4d646903b2",
    "data": [
      {
        "text": "por quién fuiste diseñado",
        "userDefined": false
      }
    ],
    "isTemplate": false,
    "count": 0,
    "lang": "es",
    "updated": 0
  },
  {
    "id": "2630c0ae-3464-4cd7-9ac1-00060070398f",
    "data": [
      {
        "text": "dime quién te creó",
        "userDefined": false
      }
    ],
    "isTemplate": false,
    "count": 0,
    "lang": "es",
    "updated": 0
  },
  {
    "id": "7759775f-1412-4de6-b86a-02c8f032462e",
    "data": [
      {
        "text": "quién te creó",
        "userDefined": false
      }
    ],
    "isTemplate": false,
    "count": 0,
    "lang": "es",
    "updated": 0
  },
  {
    "id": "21ec1a20-1c69-44b5-8a83-d6887648792b",
    "data": [
      {
        "text": "quiero saber quién te diseñó",
        "userDefined": false
      }
    ],
    "isTemplate": false,
    "count": 0,
    "lang": "es",
    "updated": 0
  },
  {
    "id": "f98ca639-0a5a-4933-960f-12f8ccc592ba",
    "data": [
      {
        "text": "me podrías decir quién te creó",
        "userDefined": false
      }
    ],
    "isTemplate": false,
    "count": 0,
    "lang": "es",
    "updated": 0
  },
  {
    "id": "bfd52f12-a464-49ec-9544-021e144e8c44",
    "data": [
      {
        "text": "quién te hizo",
        "userDefined": false
      }
    ],
    "isTemplate": false,
    "count": 0,
    "lang": "es",
    "updated": 0
  },
  {
    "id": "7d163a42-3591-4364-9362-16ed8b301d75",
    "data": [
      {
        "text": "dime quién te diseño",
        "userDefined": false
      }
    ],
    "isTemplate": false,
    "count": 0,
    "lang": "es",
    "updated": 0
  },
  {
    "id": "0925df98-a493-4fc5-8301-e6cf9b592068",
    "data": [
      {
        "text": "quién es tu creador",
        "userDefined": false
      }
    ],
    "isTemplate": false,
    "count": 0,
    "lang": "es",
    "updated": 0
  },
  {
    "id": "51f9d4fd-c14b-4d71-9d74-8c1f0511a3d5",
    "data": [
      {
        "text": "tus creadores quiénes son",
        "userDefined": false
      }
    ],
    "isTemplate": false,
    "count": 0,
    "lang": "es",
    "updated": 0
  },
  {
    "id": "ba2fb180-f33f-4597-abe9-0749dc2301ac",
    "data": [
      {
        "text": "quién fue el que te hizo",
        "userDefined": false
      }
    ],
    "isTemplate": false,
    "count": 0,
    "lang": "es",
    "updated": 0
  },
  {
    "id": "7a583a17-f216-4b8b-8a26-c0c3331b416f",
    "data": [
      {
        "text": "me dirías quién te creó",
        "userDefined": false
      }
    ],
    "isTemplate": false,
    "count": 0,
    "lang": "es",
    "updated": 0
  },
  {
    "id": "a0dfa392-9dbd-4494-bca6-54e8a32162bb",
    "data": [
      {
        "text": "quisiera saber quién te hizo",
        "userDefined": false
      }
    ],
    "isTemplate": false,
    "count": 0,
    "lang": "es",
    "updated": 0
  },
  {
    "id": "5d16c4d5-45ca-45b6-8445-fe8b890ecdba",
    "data": [
      {
        "text": "quienes te crearon",
        "userDefined": false
      }
    ],
    "isTemplate": false,
    "count": 0,
    "lang": "es",
    "updated": 0
  }
]