[
  {
    "id": "5807f2ec-7e98-4bb4-93ea-aefda79cf008",
    "data": [
      {
        "text": "我想知道你公司的主要辦公室在哪裏",
        "userDefined": false
      }
    ],
    "isTemplate": false,
    "count": 0,
    "lang": "zh-tw",
    "updated": 0
  },
  {
    "id": "f24bcaa0-f516-4c06-8a3d-4711be98364d",
    "data": [
      {
        "text": "告訴我你的開發者地址",
        "userDefined": false
      }
    ],
    "isTemplate": false,
    "count": 0,
    "lang": "zh-tw",
    "updated": 0
  },
  {
    "id": "9bf0e20a-4fd1-4d25-86f9-5428c84aefcf",
    "data": [
      {
        "text": "您的開發人員的位置",
        "userDefined": false
      }
    ],
    "isTemplate": false,
    "count": 0,
    "lang": "zh-tw",
    "updated": 0
  },
  {
    "id": "f433d7bc-fa4b-43e4-8ecd-ef79a92ac053",
    "data": [
      {
        "text": "我需要你的公司地址",
        "userDefined": false
      }
    ],
    "isTemplate": false,
    "count": 0,
    "lang": "zh-tw",
    "updated": 0
  },
  {
    "id": "f2a6ffff-2f8a-44be-9b5e-abc0e3973e52",
    "data": [
      {
        "text": "你的開發者辦公室的地址",
        "userDefined": false
      }
    ],
    "isTemplate": false,
    "count": 0,
    "lang": "zh-tw",
    "updated": 0
  },
  {
    "id": "615d4107-7493-4aa4-b46f-df91b18c9c39",
    "data": [
      {
        "text": "你的開發人員在哪裏工作",
        "userDefined": false
      }
    ],
    "isTemplate": false,
    "count": 0,
    "lang": "zh-tw",
    "updated": 0
  },
  {
    "id": "bf5830ca-8a94-47cd-901a-8639c7747819",
    "data": [
      {
        "text": "你的開發者的地址",
        "userDefined": false
      }
    ],
    "isTemplate": false,
    "count": 0,
    "lang": "zh-tw",
    "updated": 0
  },
  {
    "id": "a050edd4-4008-431d-8b9a-f376c5a10768",
    "data": [
      {
        "text": "向我提供開發人員的地址",
        "userDefined": false
      }
    ],
    "isTemplate": false,
    "count": 0,
    "lang": "zh-tw",
    "updated": 0
  },
  {
    "id": "c1ce58eb-d1cd-4c69-a00d-bda2e62de775",
    "data": [
      {
        "text": "你的創作者在哪裏",
        "userDefined": false
      }
    ],
    "isTemplate": false,
    "count": 0,
    "lang": "zh-tw",
    "updated": 0
  },
  {
    "id": "8881558b-905b-4b45-b926-73694d74f88d",
    "data": [
      {
        "text": "在哪裏可以找到你公司的地址",
        "userDefined": false
      }
    ],
    "isTemplate": false,
    "count": 0,
    "lang": "zh-tw",
    "updated": 0
  },
  {
    "id": "fa5a9fd2-fc3d-4c04-b689-579d7050cdd1",
    "data": [
      {
        "text": "你",
        "userDefined": false
      },
      {
        "text": "的",
        "userDefined": false
      },
      {
        "text": "開發",
        "userDefined": false
      },
      {
        "text": "人員住在哪兒",
        "userDefined": false
      }
    ],
    "isTemplate": false,
    "count": 0,
    "lang": "zh-tw",
    "updated": 0
  },
  {
    "id": "06d3a785-aba9-404b-ab05-abaf6bcaa092",
    "data": [
      {
        "text": "你能給我你的開發者地址嗎",
        "userDefined": false
      }
    ],
    "isTemplate": false,
    "count": 0,
    "lang": "zh-tw",
    "updated": 0
  },
  {
    "id": "2b61eb66-bdd7-4657-a799-8630bdca9e3f",
    "data": [
      {
        "text": "你",
        "userDefined": false
      },
      {
        "text": "的",
        "userDefined": false
      },
      {
        "text": "開發",
        "userDefined": false
      },
      {
        "text": "人員",
        "userDefined": false
      },
      {
        "text": "的地址",
        "userDefined": false
      }
    ],
    "isTemplate": false,
    "count": 0,
    "lang": "zh-tw",
    "updated": 0
  },
  {
    "id": "0ec5ac32-dfdd-4dbe-a9e1-84c6d76a6df4",
    "data": [
      {
        "text": "告訴我你的開發人員的辦公室在哪裏",
        "userDefined": false
      }
    ],
    "isTemplate": false,
    "count": 0,
    "lang": "zh-tw",
    "updated": 0
  },
  {
    "id": "4204ff52-87a1-48d8-8ea5-a772db69e47a",
    "data": [
      {
        "text": "你的開發者的地址是什麽",
        "userDefined": false
      }
    ],
    "isTemplate": false,
    "count": 0,
    "lang": "zh-tw",
    "updated": 0
  },
  {
    "id": "6b3c2f16-9a25-4db8-9d97-9b7b84cd3e08",
    "data": [
      {
        "text": "你公司在哪裏",
        "userDefined": false
      }
    ],
    "isTemplate": false,
    "count": 0,
    "lang": "zh-tw",
    "updated": 0
  },
  {
    "id": "3dafa4c8-8da8-45b2-a647-d0fd78bcd3e2",
    "data": [
      {
        "text": "你的開發人員在哪裏",
        "userDefined": false
      }
    ],
    "isTemplate": false,
    "count": 0,
    "lang": "zh-tw",
    "updated": 0
  },
  {
    "id": "a3b860db-f9b1-42a5-8c54-d2d0bfb50cbd",
    "data": [
      {
        "text": "你的開發人員住在哪裏",
        "userDefined": false
      }
    ],
    "isTemplate": false,
    "count": 0,
    "lang": "zh-tw",
    "updated": 0
  },
  {
    "id": "f4b91cdf-ba80-4326-a03f-365a436c5e5e",
    "data": [
      {
        "text": "給我你的開發者的地址",
        "userDefined": false
      }
    ],
    "isTemplate": false,
    "count": 0,
    "lang": "zh-tw",
    "updated": 0
  }
]