[
  {
    "id": "3d685b13-314d-4355-8bca-2cfb4c280705",
    "data": [
      {
        "text": "我還很想電話號碼",
        "userDefined": false
      }
    ],
    "isTemplate": false,
    "count": 0,
    "lang": "zh-tw",
    "updated": 0
  },
  {
    "id": "2713573f-41ee-45b2-a530-92a46728e8bb",
    "data": [
      {
        "text": "還要電話號碼",
        "userDefined": false
      }
    ],
    "isTemplate": false,
    "count": 0,
    "lang": "zh-tw",
    "updated": 0
  },
  {
    "id": "3a9c1739-afd3-450b-a5dd-9ab232f287b4",
    "data": [
      {
        "text": "電話",
        "userDefined": false
      }
    ],
    "isTemplate": false,
    "count": 0,
    "lang": "zh-tw",
    "updated": 0
  },
  {
    "id": "411e61f3-ab92-4f0b-9709-15080139d9f4",
    "data": [
      {
        "text": "我還要電話號碼",
        "userDefined": false
      }
    ],
    "isTemplate": false,
    "count": 0,
    "lang": "zh-tw",
    "updated": 0
  },
  {
    "id": "72e19433-f2a8-4bee-a438-c4c67374dea7",
    "data": [
      {
        "text": "還能不能電話號碼",
        "userDefined": false
      }
    ],
    "isTemplate": false,
    "count": 0,
    "lang": "zh-tw",
    "updated": 0
  },
  {
    "id": "62e17455-b62c-4a82-b9ae-347e4e2c428c",
    "data": [
      {
        "text": "能不能電話號碼",
        "userDefined": false
      }
    ],
    "isTemplate": false,
    "count": 0,
    "lang": "zh-tw",
    "updated": 0
  },
  {
    "id": "fe1f9dfd-cbd3-4517-8cdf-919cc303f6e6",
    "data": [
      {
        "text": "他們",
        "userDefined": false
      },
      {
        "text": "的",
        "userDefined": false
      },
      {
        "text": "電話",
        "userDefined": false
      }
    ],
    "isTemplate": false,
    "count": 0,
    "lang": "zh-tw",
    "updated": 0
  },
  {
    "id": "92762fbb-903e-4a2c-a084-825caabeb627",
    "data": [
      {
        "text": "關于電話號碼",
        "userDefined": false
      }
    ],
    "isTemplate": false,
    "count": 0,
    "lang": "zh-tw",
    "updated": 0
  },
  {
    "id": "f1f648df-e87e-47d3-868c-c554d5cd6af9",
    "data": [
      {
        "text": "怎麽能電話號碼",
        "userDefined": false
      }
    ],
    "isTemplate": false,
    "count": 0,
    "lang": "zh-tw",
    "updated": 0
  },
  {
    "id": "b5c26f86-5f21-4b11-90a7-662dc71f4816",
    "data": [
      {
        "text": "現在電話號碼",
        "userDefined": false
      }
    ],
    "isTemplate": false,
    "count": 0,
    "lang": "zh-tw",
    "updated": 0
  },
  {
    "id": "b504c150-5684-42f4-9044-e7b37acc792d",
    "data": [
      {
        "text": "還需要電話號碼",
        "userDefined": false
      }
    ],
    "isTemplate": false,
    "count": 0,
    "lang": "zh-tw",
    "updated": 0
  },
  {
    "id": "248c8a1d-8225-434f-a7f2-4f67e119a0c8",
    "data": [
      {
        "text": "會不會電話號碼",
        "userDefined": false
      }
    ],
    "isTemplate": false,
    "count": 0,
    "lang": "zh-tw",
    "updated": 0
  }
]