[
  {
    "id": "9913bc56-1d65-4ddf-b529-59b6f41ea282",
    "data": [
      {
        "text": "poderia dar-me o número de telefone dos seus programadores",
        "userDefined": false
      }
    ],
    "isTemplate": false,
    "count": 0,
    "lang": "pt",
    "updated": 0
  },
  {
    "id": "6d418676-91e3-4144-ae7c-f5dc1dcb5cf4",
    "data": [
      {
        "text": "forneça-me o número de telefone dos seus programadores",
        "userDefined": false
      }
    ],
    "isTemplate": false,
    "count": 0,
    "lang": "pt",
    "updated": 0
  },
  {
    "id": "8f29f12e-b105-4faa-8848-83db4c3a7dfe",
    "data": [
      {
        "text": "dê-me o número de telefone dos seus programadores",
        "userDefined": false
      }
    ],
    "isTemplate": false,
    "count": 0,
    "lang": "pt",
    "updated": 0
  },
  {
    "id": "b5f0a12a-af01-4bf8-b7d2-8eeedd5df79a",
    "data": [
      {
        "text": "pesquise o número de telefone dos programadores",
        "userDefined": false
      }
    ],
    "isTemplate": false,
    "count": 0,
    "lang": "pt",
    "updated": 0
  },
  {
    "id": "a4ad192b-ea63-4086-8f2e-010801d74763",
    "data": [
      {
        "text": "quero contactar os seus programadores dê-me o número de telefone deles",
        "userDefined": false
      }
    ],
    "isTemplate": false,
    "count": 0,
    "lang": "pt",
    "updated": 0
  },
  {
    "id": "32649ff5-8369-4be3-b6db-8417016be0e1",
    "data": [
      {
        "text": "o telemóvel dos seus programadores",
        "userDefined": false
      }
    ],
    "isTemplate": false,
    "count": 0,
    "lang": "pt",
    "updated": 0
  },
  {
    "id": "369a1e5f-fb1a-4d77-bebd-2dba3054e1da",
    "data": [
      {
        "text": "posso telefonar aos seus programadores",
        "userDefined": false
      }
    ],
    "isTemplate": false,
    "count": 0,
    "lang": "pt",
    "updated": 0
  },
  {
    "id": "61b5ffe9-832e-410d-b2e6-91dd7fbef20b",
    "data": [
      {
        "text": "preciso do número de telefone dos seus programadores",
        "userDefined": false
      }
    ],
    "isTemplate": false,
    "count": 0,
    "lang": "pt",
    "updated": 0
  },
  {
    "id": "c6e803b5-85f7-4f9b-95eb-d692ed7f4e5b",
    "data": [
      {
        "text": "quero falar com os seus programadores por telefone",
        "userDefined": false
      }
    ],
    "isTemplate": false,
    "count": 0,
    "lang": "pt",
    "updated": 0
  },
  {
    "id": "a1190fdb-3be8-4e01-81e5-599d9256654a",
    "data": [
      {
        "text": "posso contactar os seus programadores por telefone",
        "userDefined": false
      }
    ],
    "isTemplate": false,
    "count": 0,
    "lang": "pt",
    "updated": 0
  },
  {
    "id": "93ee6c6e-2171-4414-bfa0-70e1caed2fbf",
    "data": [
      {
        "text": "diga-me o número de telefone dos seus programadores gostaria de falar com eles",
        "userDefined": false
      }
    ],
    "isTemplate": false,
    "count": 0,
    "lang": "pt",
    "updated": 0
  }
]