[
  {
    "id": "86da2c26-03e1-4367-aeb2-1a4c9caac194",
    "data": [
      {
        "text": "e e-mail",
        "userDefined": false
      }
    ],
    "isTemplate": false,
    "count": 0,
    "lang": "pt-br",
    "updated": 0
  },
  {
    "id": "5f59d15e-63c3-4d3c-8b1a-97ada81dff7e",
    "data": [
      {
        "text": "e o endereço de e-mail deles",
        "userDefined": false
      }
    ],
    "isTemplate": false,
    "count": 0,
    "lang": "pt-br",
    "updated": 0
  },
  {
    "id": "de2e4322-088f-49e4-92a6-ef528c7716d8",
    "data": [
      {
        "text": "um e-mail também por favor",
        "userDefined": false
      }
    ],
    "isTemplate": false,
    "count": 0,
    "lang": "pt-br",
    "updated": 0
  },
  {
    "id": "036ea538-3c42-4885-890d-cc377d14e22f",
    "data": [
      {
        "text": "assim como um e-mail",
        "userDefined": false
      }
    ],
    "isTemplate": false,
    "count": 0,
    "lang": "pt-br",
    "updated": 0
  },
  {
    "id": "ce01b90c-a6be-4dfb-bb34-c87e6165e93e",
    "data": [
      {
        "text": "e o e-mail",
        "userDefined": false
      }
    ],
    "isTemplate": false,
    "count": 0,
    "lang": "pt-br",
    "updated": 0
  },
  {
    "id": "127147c7-bb76-424f-9357-c69db601f4fc",
    "data": [
      {
        "text": "um e-mail também",
        "userDefined": false
      }
    ],
    "isTemplate": false,
    "count": 0,
    "lang": "pt-br",
    "updated": 0
  },
  {
    "id": "bae03e2f-2a7f-4949-8ae3-e7da553039c4",
    "data": [
      {
        "text": "e agora um e-mail",
        "userDefined": false
      }
    ],
    "isTemplate": false,
    "count": 0,
    "lang": "pt-br",
    "updated": 0
  },
  {
    "id": "b9ba2a54-7870-4028-a61a-90c8bbd29bf2",
    "data": [
      {
        "text": "você sabe o endereço de e-mail deles",
        "userDefined": false
      }
    ],
    "isTemplate": false,
    "count": 0,
    "lang": "pt-br",
    "updated": 0
  },
  {
    "id": "a3c2823a-62b8-48d2-9580-1013b9644f8a",
    "data": [
      {
        "text": "e o e-mail deles",
        "userDefined": false
      }
    ],
    "isTemplate": false,
    "count": 0,
    "lang": "pt-br",
    "updated": 0
  },
  {
    "id": "ca7e8232-da6e-4122-9a77-b1f33ccb0f3e",
    "data": [
      {
        "text": "agora o e-mail deles",
        "userDefined": false
      }
    ],
    "isTemplate": false,
    "count": 0,
    "lang": "pt-br",
    "updated": 0
  }
]