[
  {
    "id": "bc9c044d-f99a-4e3c-9b15-9a69382e753d",
    "data": [
      {
        "text": "quem foram os seus criadores",
        "userDefined": false
      }
    ],
    "isTemplate": false,
    "count": 0,
    "lang": "pt",
    "updated": 0
  },
  {
    "id": "25d98c85-bceb-4087-ae4d-252dc5a06dfe",
    "data": [
      {
        "text": "pode dizer-me quem o criou",
        "userDefined": false
      }
    ],
    "isTemplate": false,
    "count": 0,
    "lang": "pt",
    "updated": 0
  },
  {
    "id": "551ec2cc-0d52-4f03-814f-300564417103",
    "data": [
      {
        "text": "qual é o nome do seu programador",
        "userDefined": false
      }
    ],
    "isTemplate": false,
    "count": 0,
    "lang": "pt",
    "updated": 0
  },
  {
    "id": "dc5edf74-b5b5-435d-bd3d-565de4282ce4",
    "data": [
      {
        "text": "pode dizer-me algo sobre os seus criadores",
        "userDefined": false
      }
    ],
    "isTemplate": false,
    "count": 0,
    "lang": "pt",
    "updated": 0
  },
  {
    "id": "f0aa2d11-96ed-4f42-9f25-9a3b784ed701",
    "data": [
      {
        "text": "quem o criou",
        "userDefined": false
      }
    ],
    "isTemplate": false,
    "count": 0,
    "lang": "pt",
    "updated": 0
  },
  {
    "id": "4b4f05ba-c944-4137-9548-cc04553d4d34",
    "data": [
      {
        "text": "quem é o seu professor",
        "userDefined": false
      }
    ],
    "isTemplate": false,
    "count": 0,
    "lang": "pt",
    "updated": 0
  },
  {
    "id": "6c40176f-f90f-4b46-ab98-a59b2955f30d",
    "data": [
      {
        "text": "como se chama o seu criador",
        "userDefined": false
      }
    ],
    "isTemplate": false,
    "count": 0,
    "lang": "pt",
    "updated": 0
  },
  {
    "id": "bfd207f2-17a4-4ff1-82af-9fda9659ef63",
    "data": [
      {
        "text": "como se chama o seu programador",
        "userDefined": false
      }
    ],
    "isTemplate": false,
    "count": 0,
    "lang": "pt",
    "updated": 0
  },
  {
    "id": "0279a86a-6091-41c5-b85c-373157cba78b",
    "data": [
      {
        "text": "sabe quem o faz",
        "userDefined": false
      }
    ],
    "isTemplate": false,
    "count": 0,
    "lang": "pt",
    "updated": 0
  },
  {
    "id": "aa4c5a0e-fed5-4ae6-b38c-f880b9e8b10d",
    "data": [
      {
        "text": "quem é o seu programador",
        "userDefined": false
      }
    ],
    "isTemplate": false,
    "count": 0,
    "lang": "pt",
    "updated": 0
  },
  {
    "id": "2dee4df5-9487-4468-bd71-3b256bdb43b4",
    "data": [
      {
        "text": "eu disse quem o mandou dizer-me",
        "userDefined": false
      }
    ],
    "isTemplate": false,
    "count": 0,
    "lang": "pt",
    "updated": 0
  }
]