[
  {
    "id": "6a06b3d6-8b39-4feb-aec9-e6f645637b64",
    "data": [
      {
        "text": "還要發郵件",
        "userDefined": false
      }
    ],
    "isTemplate": false,
    "count": 0,
    "lang": "zh-tw",
    "updated": 0
  },
  {
    "id": "3a3db276-8d60-433a-99d3-6abe83c72360",
    "data": [
      {
        "text": "還能不能發郵件",
        "userDefined": false
      }
    ],
    "isTemplate": false,
    "count": 0,
    "lang": "zh-tw",
    "updated": 0
  },
  {
    "id": "57fa1c88-ff02-4d83-82b3-b582120dd28a",
    "data": [
      {
        "text": "爲了他們的電子郵件",
        "userDefined": false
      }
    ],
    "isTemplate": false,
    "count": 0,
    "lang": "zh-tw",
    "updated": 0
  },
  {
    "id": "0ba6f3ee-7a4a-4a02-b993-99244d9ea82f",
    "data": [
      {
        "text": "會不會發郵件",
        "userDefined": false
      }
    ],
    "isTemplate": false,
    "count": 0,
    "lang": "zh-tw",
    "updated": 0
  },
  {
    "id": "7ecb6e2a-92a2-4257-812f-a96b1395ed1e",
    "data": [
      {
        "text": "現在爲了他們的電子郵件",
        "userDefined": false
      }
    ],
    "isTemplate": false,
    "count": 0,
    "lang": "zh-tw",
    "updated": 0
  },
  {
    "id": "87185c48-ba99-4dc8-a951-ca70753cf6d3",
    "data": [
      {
        "text": "現在要他們的電子郵件",
        "userDefined": false
      }
    ],
    "isTemplate": false,
    "count": 0,
    "lang": "zh-tw",
    "updated": 0
  },
  {
    "id": "78fe5c41-90b3-46e2-afa7-fd609092ee09",
    "data": [
      {
        "text": "怎麽能發郵件",
        "userDefined": false
      }
    ],
    "isTemplate": false,
    "count": 0,
    "lang": "zh-tw",
    "updated": 0
  },
  {
    "id": "4201463c-6658-46a4-82d0-359878027cf9",
    "data": [
      {
        "text": "他們的電子郵件",
        "userDefined": false
      }
    ],
    "isTemplate": false,
    "count": 0,
    "lang": "zh-tw",
    "updated": 0
  },
  {
    "id": "91808389-191e-4aa0-9559-44e26554726d",
    "data": [
      {
        "text": "我還要發郵件",
        "userDefined": false
      }
    ],
    "isTemplate": false,
    "count": 0,
    "lang": "zh-tw",
    "updated": 0
  },
  {
    "id": "84896277-a608-4963-9590-4ed15bc9b02a",
    "data": [
      {
        "text": "爲他們的電子郵件",
        "userDefined": false
      }
    ],
    "isTemplate": false,
    "count": 0,
    "lang": "zh-tw",
    "updated": 0
  },
  {
    "id": "abdf2280-9c0d-4f48-a117-83f25c20970d",
    "data": [
      {
        "text": "現在發郵件",
        "userDefined": false
      }
    ],
    "isTemplate": false,
    "count": 0,
    "lang": "zh-tw",
    "updated": 0
  },
  {
    "id": "50faa9da-4099-4e0b-9cae-0a2f09754bd0",
    "data": [
      {
        "text": "現在他們的電子郵件",
        "userDefined": false
      }
    ],
    "isTemplate": false,
    "count": 0,
    "lang": "zh-tw",
    "updated": 0
  },
  {
    "id": "66c0fd84-35e1-42b4-a1e3-af2e9d3e0d97",
    "data": [
      {
        "text": "關于發郵件",
        "userDefined": false
      }
    ],
    "isTemplate": false,
    "count": 0,
    "lang": "zh-tw",
    "updated": 0
  },
  {
    "id": "b83a5f94-5bcb-421a-b120-57be8b458542",
    "data": [
      {
        "text": "能不能發郵件",
        "userDefined": false
      }
    ],
    "isTemplate": false,
    "count": 0,
    "lang": "zh-tw",
    "updated": 0
  },
  {
    "id": "273c568e-9963-4a34-b95f-75ff19ada6f8",
    "data": [
      {
        "text": "關于他們的電子郵件",
        "userDefined": false
      }
    ],
    "isTemplate": false,
    "count": 0,
    "lang": "zh-tw",
    "updated": 0
  },
  {
    "id": "d7d90e06-f419-44ea-b1c0-0c6b2084eab6",
    "data": [
      {
        "text": "在要他們的電子郵件",
        "userDefined": false
      }
    ],
    "isTemplate": false,
    "count": 0,
    "lang": "zh-tw",
    "updated": 0
  },
  {
    "id": "bf76c4ea-67fc-4e3b-aeb8-f05dc6a22d16",
    "data": [
      {
        "text": "我還很想發郵件",
        "userDefined": false
      }
    ],
    "isTemplate": false,
    "count": 0,
    "lang": "zh-tw",
    "updated": 0
  },
  {
    "id": "d0228113-7c57-4215-9892-870c99001bd8",
    "data": [
      {
        "text": "還需要發郵件",
        "userDefined": false
      }
    ],
    "isTemplate": false,
    "count": 0,
    "lang": "zh-tw",
    "updated": 0
  }
]