[
  {
    "id": "3354e09f-f615-4c7e-919e-74d442f4bece",
    "data": [
      {
        "text": "me passe o e-mail dos seus desenvolvedores",
        "userDefined": false
      }
    ],
    "isTemplate": false,
    "count": 0,
    "lang": "pt-br",
    "updated": 0
  },
  {
    "id": "b889a06b-0a02-4db7-88ca-af9172ab50c9",
    "data": [
      {
        "text": "mostre-me o e-mail dos seus desenvolvedores",
        "userDefined": false
      }
    ],
    "isTemplate": false,
    "count": 0,
    "lang": "pt-br",
    "updated": 0
  },
  {
    "id": "1668ec60-c5b1-4d7a-9225-6ad9951cb514",
    "data": [
      {
        "text": "posso enviar um e-mail para seus desenvolvedores",
        "userDefined": false
      }
    ],
    "isTemplate": false,
    "count": 0,
    "lang": "pt-br",
    "updated": 0
  },
  {
    "id": "cf83e80e-f4ee-4bbb-80aa-2dc9d3bc351b",
    "data": [
      {
        "text": "eu gostaria de escrever um e-mail para seus desenvolvedores",
        "userDefined": false
      }
    ],
    "isTemplate": false,
    "count": 1,
    "lang": "pt-br",
    "updated": 0
  },
  {
    "id": "b5cd40b7-ec84-4cde-818a-faa9767d4224",
    "data": [
      {
        "text": "como enviar um e-mail para seus criadores",
        "userDefined": false
      }
    ],
    "isTemplate": false,
    "count": 0,
    "lang": "pt-br",
    "updated": 0
  },
  {
    "id": "f8026c05-a8bf-493d-bead-fe971486ac59",
    "data": [
      {
        "text": "você poderia me dar o endereço de e-mail dos seus desenvolvedores",
        "userDefined": false
      }
    ],
    "isTemplate": false,
    "count": 0,
    "lang": "pt-br",
    "updated": 0
  },
  {
    "id": "c7c38c82-a2c3-4353-bf66-29841e7923b2",
    "data": [
      {
        "text": "qual é o e-mail dos seus desenvolvedores",
        "userDefined": false
      }
    ],
    "isTemplate": false,
    "count": 0,
    "lang": "pt-br",
    "updated": 0
  },
  {
    "id": "e9e5a515-9a43-46e9-a121-1e32d8089598",
    "data": [
      {
        "text": "me dê o endereço de e-mail dos seus desenvolvedores",
        "userDefined": false
      }
    ],
    "isTemplate": false,
    "count": 0,
    "lang": "pt-br",
    "updated": 0
  },
  {
    "id": "d2f1b60a-48fa-4c68-82a4-3c9b761bffdd",
    "data": [
      {
        "text": "preciso falar com seus desenvolvedores me dê o endereço de e-mail deles",
        "userDefined": false
      }
    ],
    "isTemplate": false,
    "count": 0,
    "lang": "pt-br",
    "updated": 0
  },
  {
    "id": "c4ad42c5-5bc4-423d-b293-a23c142e329b",
    "data": [
      {
        "text": "quero falar com seus desenvolvedores mostre o e-mail deles",
        "userDefined": false
      }
    ],
    "isTemplate": false,
    "count": 0,
    "lang": "pt-br",
    "updated": 0
  }
]