[
  {
    "id": "3b284d1b-fc04-44f9-aa44-a8692e846d1a",
    "data": [
      {
        "text": "給我你的開發者電子郵件",
        "userDefined": false
      }
    ],
    "isTemplate": false,
    "count": 0,
    "lang": "zh-hk",
    "updated": 0
  },
  {
    "id": "7bc38da8-55f5-4da0-a6be-b237aec50d46",
    "data": [
      {
        "text": "你的開發者的電子郵件地址是什麽",
        "userDefined": false
      }
    ],
    "isTemplate": false,
    "count": 1,
    "lang": "zh-hk",
    "updated": 0
  },
  {
    "id": "6580cc94-1afa-4038-9132-8c2646e3dca6",
    "data": [
      {
        "text": "你的開發人員的電子郵件是什麽",
        "userDefined": false
      }
    ],
    "isTemplate": false,
    "count": 0,
    "lang": "zh-hk",
    "updated": 0
  },
  {
    "id": "5ef796e4-706e-483c-af68-71eafc3a8f16",
    "data": [
      {
        "text": "聯系你的開發人員電子郵件",
        "userDefined": false
      }
    ],
    "isTemplate": false,
    "count": 0,
    "lang": "zh-hk",
    "updated": 0
  },
  {
    "id": "ae7836a2-aaf6-4b6c-8cb4-968361e2ea56",
    "data": [
      {
        "text": "我想給你的開發者寫一封電子郵件",
        "userDefined": false
      }
    ],
    "isTemplate": false,
    "count": 0,
    "lang": "zh-hk",
    "updated": 0
  },
  {
    "id": "540a3059-fecb-4dd7-b50d-149c24d7ba2d",
    "data": [
      {
        "text": "給我你的開發人員的電子郵件地址",
        "userDefined": false
      }
    ],
    "isTemplate": false,
    "count": 0,
    "lang": "zh-hk",
    "updated": 0
  },
  {
    "id": "4796821b-6284-48fc-b87a-8f89b1da0ed1",
    "data": [
      {
        "text": "怎麽聯系你的開發人員電子郵件",
        "userDefined": false
      }
    ],
    "isTemplate": false,
    "count": 0,
    "lang": "zh-hk",
    "updated": 0
  },
  {
    "id": "9509abaa-25d0-4555-ab3d-07c83435ec65",
    "data": [
      {
        "text": "我想要聯系你的開發人員電子郵件",
        "userDefined": false
      }
    ],
    "isTemplate": false,
    "count": 0,
    "lang": "zh-hk",
    "updated": 0
  },
  {
    "id": "ba9b59a5-e6ed-4028-b71e-d911bb90639e",
    "data": [
      {
        "text": "我想通過電子郵件與您的開發人員聯系",
        "userDefined": false
      }
    ],
    "isTemplate": false,
    "count": 0,
    "lang": "zh-hk",
    "updated": 0
  },
  {
    "id": "70ccc48b-0dd1-4fed-83cc-7a35eab356bd",
    "data": [
      {
        "text": "我要聯系你的開發人員電子郵件",
        "userDefined": false
      }
    ],
    "isTemplate": false,
    "count": 0,
    "lang": "zh-hk",
    "updated": 0
  },
  {
    "id": "1f799396-804c-4131-ab00-86915074852e",
    "data": [
      {
        "text": "如何聯系你的開發人員電子郵件",
        "userDefined": false
      }
    ],
    "isTemplate": false,
    "count": 0,
    "lang": "zh-hk",
    "updated": 0
  },
  {
    "id": "0283ac39-3e6e-4c50-9bc0-d699d368650e",
    "data": [
      {
        "text": "你的開發人員電子郵件",
        "userDefined": false
      }
    ],
    "isTemplate": false,
    "count": 0,
    "lang": "zh-hk",
    "updated": 0
  },
  {
    "id": "1560db26-7b24-4b7c-b0bc-d5827545a94a",
    "data": [
      {
        "text": "告訴我怎聯系你的開發人員電子郵件",
        "userDefined": false
      }
    ],
    "isTemplate": false,
    "count": 0,
    "lang": "zh-hk",
    "updated": 0
  },
  {
    "id": "c9861ddc-62aa-41d9-9819-dc725854984d",
    "data": [
      {
        "text": "你能給我開發者的電子郵件地址嗎",
        "userDefined": false
      }
    ],
    "isTemplate": false,
    "count": 0,
    "lang": "zh-hk",
    "updated": 0
  },
  {
    "id": "035e81c2-0f7b-42c0-af0d-ff34efd58e59",
    "data": [
      {
        "text": "你的開發者有什麽電子郵件",
        "userDefined": false
      }
    ],
    "isTemplate": false,
    "count": 0,
    "lang": "zh-hk",
    "updated": 0
  },
  {
    "id": "f9e2dcff-cca0-4132-bfaf-7a91b32df786",
    "data": [
      {
        "text": "您的開發人員發郵",
        "userDefined": false
      }
    ],
    "isTemplate": false,
    "count": 0,
    "lang": "zh-hk",
    "updated": 0
  }
]