[
  {
    "id": "56a0dd0b-5a07-4dcf-9a36-e8144585b43b",
    "data": [
      {
        "text": "打開你公司的網站",
        "userDefined": false
      }
    ],
    "isTemplate": false,
    "count": 0,
    "lang": "zh-tw",
    "updated": 0
  },
  {
    "id": "9c554df4-9dcc-4733-adeb-3d2dcb68902c",
    "data": [
      {
        "text": "你",
        "userDefined": false
      },
      {
        "text": "的",
        "userDefined": false
      },
      {
        "text": "網",
        "userDefined": false
      },
      {
        "text": "站",
        "userDefined": false
      }
    ],
    "isTemplate": false,
    "count": 0,
    "lang": "zh-tw",
    "updated": 0
  },
  {
    "id": "617fc770-05a6-4b08-8cc0-aae386ba8c32",
    "data": [
      {
        "text": "你的網站在哪裏",
        "userDefined": false
      }
    ],
    "isTemplate": false,
    "count": 0,
    "lang": "zh-tw",
    "updated": 0
  },
  {
    "id": "66254e08-1d43-4bb1-9af0-95df7afbb48a",
    "data": [
      {
        "text": "爲我打開你的網站",
        "userDefined": false
      }
    ],
    "isTemplate": false,
    "count": 0,
    "lang": "zh-tw",
    "updated": 0
  },
  {
    "id": "bccd2416-3f46-426c-a91d-f56c4ae34f8e",
    "data": [
      {
        "text": "你能打開你的網站嗎",
        "userDefined": false
      }
    ],
    "isTemplate": false,
    "count": 0,
    "lang": "zh-tw",
    "updated": 0
  },
  {
    "id": "7fa6fd8f-1efe-4ed0-86d0-3d6e5b42a15e",
    "data": [
      {
        "text": "請顯示你的開發者網站",
        "userDefined": false
      }
    ],
    "isTemplate": false,
    "count": 0,
    "lang": "zh-tw",
    "updated": 0
  },
  {
    "id": "a45dc7ee-aca8-4d5d-9af4-e1c6cc2a98e2",
    "data": [
      {
        "text": "你有自己的網站嗎",
        "userDefined": false
      }
    ],
    "isTemplate": false,
    "count": 0,
    "lang": "zh-tw",
    "updated": 0
  },
  {
    "id": "b59a31fc-0eaf-45ea-a5b6-aff4fb60715a",
    "data": [
      {
        "text": "你的開發者有網站嗎",
        "userDefined": false
      }
    ],
    "isTemplate": false,
    "count": 0,
    "lang": "zh-tw",
    "updated": 0
  },
  {
    "id": "42f3336f-f7ab-4e15-9c09-cffc78efe73a",
    "data": [
      {
        "text": "你有網站嗎",
        "userDefined": false
      }
    ],
    "isTemplate": false,
    "count": 0,
    "lang": "zh-tw",
    "updated": 0
  },
  {
    "id": "16713509-b08c-4743-a01a-acc7b4e37042",
    "data": [
      {
        "text": "給我看你的網站",
        "userDefined": false
      }
    ],
    "isTemplate": false,
    "count": 0,
    "lang": "zh-tw",
    "updated": 0
  },
  {
    "id": "0e1562e2-54d2-44c3-b05a-e75fdf182687",
    "data": [
      {
        "text": "找到你的網站",
        "userDefined": false
      }
    ],
    "isTemplate": false,
    "count": 0,
    "lang": "zh-tw",
    "updated": 0
  },
  {
    "id": "946910a2-6c91-4a07-b18f-2c1c8486b518",
    "data": [
      {
        "text": "你",
        "userDefined": false
      },
      {
        "text": "的",
        "userDefined": false
      },
      {
        "text": "網絡",
        "userDefined": false
      }
    ],
    "isTemplate": false,
    "count": 0,
    "lang": "zh-tw",
    "updated": 0
  },
  {
    "id": "a2dfd17d-4af5-4547-9b0d-8f4f8eba10cc",
    "data": [
      {
        "text": "你的網頁",
        "userDefined": false
      }
    ],
    "isTemplate": false,
    "count": 0,
    "lang": "zh-tw",
    "updated": 0
  },
  {
    "id": "e69fd5e8-3104-4a35-add7-f019642e05bd",
    "data": [
      {
        "text": "你的開發者的網站",
        "userDefined": false
      }
    ],
    "isTemplate": false,
    "count": 0,
    "lang": "zh-tw",
    "updated": 0
  },
  {
    "id": "14f64bc2-efaa-4629-a5de-a272ba4999c5",
    "data": [
      {
        "text": "如何訪問你的網站",
        "userDefined": false
      }
    ],
    "isTemplate": false,
    "count": 0,
    "lang": "zh-tw",
    "updated": 0
  }
]