[
  {
    "id": "0912a3f5-f71d-461d-8126-5b15add81e9d",
    "data": [
      {
        "text": "найди контакты твоих создателей",
        "userDefined": false
      }
    ],
    "isTemplate": false,
    "count": 0,
    "lang": "ru",
    "updated": 0
  },
  {
    "id": "19dbfdc5-0919-4989-85d5-aa95d616ec04",
    "data": [
      {
        "text": "напиши разработчикам",
        "userDefined": false
      }
    ],
    "isTemplate": false,
    "count": 0,
    "lang": "ru",
    "updated": 0
  },
  {
    "id": "4d84cecb-8547-4e8f-b372-28c93f309b85",
    "data": [
      {
        "text": "свяжись с разработчиками",
        "userDefined": false
      }
    ],
    "isTemplate": false,
    "count": 1,
    "lang": "ru",
    "updated": 0
  },
  {
    "id": "de09e440-cb5b-4e47-91e8-466ae70da35f",
    "data": [
      {
        "text": "контактная информация твоих разработчиков",
        "userDefined": false
      }
    ],
    "isTemplate": false,
    "count": 0,
    "lang": "ru",
    "updated": 0
  },
  {
    "id": "fcca8566-ff56-4626-bcc1-63b5e6015507",
    "data": [
      {
        "text": "найди мне контакты разработчиков",
        "userDefined": false
      }
    ],
    "isTemplate": false,
    "count": 0,
    "lang": "ru",
    "updated": 0
  },
  {
    "id": "f6ab177f-afc2-4509-894c-aa8dda3459ac",
    "data": [
      {
        "text": "я бы хотел связаться с разработчиками",
        "userDefined": false
      }
    ],
    "isTemplate": false,
    "count": 0,
    "lang": "ru",
    "updated": 0
  },
  {
    "id": "329d1503-7c05-4f39-8d86-c87d997fa578",
    "data": [
      {
        "text": "контактная информация твоих создателей",
        "userDefined": false
      }
    ],
    "isTemplate": false,
    "count": 0,
    "lang": "ru",
    "updated": 0
  },
  {
    "id": "9dcf22e4-10db-4753-b135-5ca426813d57",
    "data": [
      {
        "text": "твоя контактная информация",
        "userDefined": false
      }
    ],
    "isTemplate": false,
    "count": 0,
    "lang": "ru",
    "updated": 0
  },
  {
    "id": "ce8b9dd0-7a57-4207-801b-ff45188c3d69",
    "data": [
      {
        "text": "дай мне контакты твоих разработчиков",
        "userDefined": false
      }
    ],
    "isTemplate": false,
    "count": 0,
    "lang": "ru",
    "updated": 0
  },
  {
    "id": "5d6cf3e6-629c-4702-914f-ee82fb68a794",
    "data": [
      {
        "text": "я хочу написать разработчикам",
        "userDefined": false
      }
    ],
    "isTemplate": false,
    "count": 0,
    "lang": "ru",
    "updated": 0
  },
  {
    "id": "a77a2fdf-74a3-482a-b135-3f7d5deb653f",
    "data": [
      {
        "text": "как мне выйти на связь с разработчиками",
        "userDefined": false
      }
    ],
    "isTemplate": false,
    "count": 0,
    "lang": "ru",
    "updated": 0
  },
  {
    "id": "8caa1a30-8971-4ea2-85c4-d1f602b6f190",
    "data": [
      {
        "text": "я хочу связаться с твоими разработчиками",
        "userDefined": false
      }
    ],
    "isTemplate": false,
    "count": 0,
    "lang": "ru",
    "updated": 0
  },
  {
    "id": "ea225feb-3ab8-4016-a74e-75f1b4682fb9",
    "data": [
      {
        "text": "можно как-то связаться с разработчиками",
        "userDefined": false
      }
    ],
    "isTemplate": false,
    "count": 0,
    "lang": "ru",
    "updated": 0
  },
  {
    "id": "88122dde-e613-4dae-a295-059434319c67",
    "data": [
      {
        "text": "могу ли я связаться с разработчиками",
        "userDefined": false
      }
    ],
    "isTemplate": false,
    "count": 0,
    "lang": "ru",
    "updated": 0
  },
  {
    "id": "50c0287c-82e5-4aa3-a358-23fb167817e6",
    "data": [
      {
        "text": "покажи контактную информацию",
        "userDefined": false
      }
    ],
    "isTemplate": false,
    "count": 0,
    "lang": "ru",
    "updated": 0
  },
  {
    "id": "4915b612-ae93-47d4-acab-1a2f655ac9c1",
    "data": [
      {
        "text": "как связаться с разработчиками",
        "userDefined": false
      }
    ],
    "isTemplate": false,
    "count": 0,
    "lang": "ru",
    "updated": 0
  },
  {
    "id": "003ebee0-563e-4516-a806-8d98262cd46d",
    "data": [
      {
        "text": "контакты разработчиков",
        "userDefined": false
      }
    ],
    "isTemplate": false,
    "count": 0,
    "lang": "ru",
    "updated": 0
  },
  {
    "id": "6bec2017-012d-43d1-9da0-e63979f642e9",
    "data": [
      {
        "text": "как мне связаться с разработчиками",
        "userDefined": false
      }
    ],
    "isTemplate": false,
    "count": 0,
    "lang": "ru",
    "updated": 0
  }
]