[
  {
    "id": "ef81ff47-5624-4268-812f-863ca558e245",
    "data": [
      {
        "text": "dime todo sobre tus creadores",
        "userDefined": false
      }
    ],
    "isTemplate": false,
    "count": 0,
    "lang": "es",
    "updated": 0
  },
  {
    "id": "e5048445-adce-4f6d-b3c9-56c18a799262",
    "data": [
      {
        "text": "puedes hablarme de tus creadores",
        "userDefined": false
      }
    ],
    "isTemplate": false,
    "count": 0,
    "lang": "es",
    "updated": 0
  },
  {
    "id": "7213d50f-f72f-45cf-b37c-22ff9d7e615a",
    "data": [
      {
        "text": "habla de tus programadores",
        "userDefined": false
      }
    ],
    "isTemplate": false,
    "count": 0,
    "lang": "es",
    "updated": 0
  },
  {
    "id": "e9ecdc16-390a-4ed7-931d-5a5c42d24733",
    "data": [
      {
        "text": "cuéntame sobre tus creadores",
        "userDefined": false
      }
    ],
    "isTemplate": false,
    "count": 0,
    "lang": "es",
    "updated": 0
  },
  {
    "id": "d7f8b798-614e-4a82-a3dd-b633a90edaac",
    "data": [
      {
        "text": "cuéntame de tus creadores",
        "userDefined": false
      }
    ],
    "isTemplate": false,
    "count": 0,
    "lang": "es",
    "updated": 0
  },
  {
    "id": "73c866b0-344a-4a5b-a048-de725bf16b66",
    "data": [
      {
        "text": "dame información de tus programadores",
        "userDefined": false
      }
    ],
    "isTemplate": false,
    "count": 0,
    "lang": "es",
    "updated": 0
  },
  {
    "id": "b75ff8d3-0218-47a0-a400-47d9bf805379",
    "data": [
      {
        "text": "háblame de tus programadores",
        "userDefined": false
      }
    ],
    "isTemplate": false,
    "count": 0,
    "lang": "es",
    "updated": 0
  },
  {
    "id": "aa492c8d-a33a-49f5-af8c-aa316318e790",
    "data": [
      {
        "text": "dime de tus programadores",
        "userDefined": false
      }
    ],
    "isTemplate": false,
    "count": 0,
    "lang": "es",
    "updated": 0
  },
  {
    "id": "b041cc98-81a6-4860-ac5f-9e38ef16240c",
    "data": [
      {
        "text": "información sobre tus creadores",
        "userDefined": false
      }
    ],
    "isTemplate": false,
    "count": 0,
    "lang": "es",
    "updated": 0
  }
]