[
  {
    "id": "0aed85fb-646e-4ebb-a2b4-0646f3a152b7",
    "data": [
      {
        "text": "contatta quelli che ti hanno creato",
        "userDefined": false
      }
    ],
    "isTemplate": false,
    "count": 0,
    "lang": "it",
    "updated": 0
  },
  {
    "id": "b6a84e13-8196-4895-889e-06ecd132b2ea",
    "data": [
      {
        "text": "dammi il contatto dei tuoi sviluppatori",
        "userDefined": false
      }
    ],
    "isTemplate": false,
    "count": 0,
    "lang": "it",
    "updated": 0
  },
  {
    "id": "1503455d-e016-477d-af3b-064f7fe8d8ad",
    "data": [
      {
        "text": "come contattare i tuoi developer",
        "userDefined": false
      }
    ],
    "isTemplate": false,
    "count": 0,
    "lang": "it",
    "updated": 0
  },
  {
    "id": "745dfde8-2860-4c17-8fee-b3989368429d",
    "data": [
      {
        "text": "voglio contattare i tuoi developer",
        "userDefined": false
      }
    ],
    "isTemplate": false,
    "count": 0,
    "lang": "it",
    "updated": 0
  },
  {
    "id": "eabaccb2-e62f-45aa-84ab-d57c574b8ecc",
    "data": [
      {
        "text": "voglio contattare i tuoi sviluppatori",
        "userDefined": false
      }
    ],
    "isTemplate": false,
    "count": 0,
    "lang": "it",
    "updated": 0
  },
  {
    "id": "f73ddffd-a242-4e47-b167-9e5f6288960b",
    "data": [
      {
        "text": "dammi il contatto dei tuoi developer",
        "userDefined": false
      }
    ],
    "isTemplate": false,
    "count": 0,
    "lang": "it",
    "updated": 0
  },
  {
    "id": "833bdaa5-9bfa-4385-ba46-501b0d0c6cb8",
    "data": [
      {
        "text": "come posso contattare i tuoi developer",
        "userDefined": false
      }
    ],
    "isTemplate": false,
    "count": 0,
    "lang": "it",
    "updated": 0
  },
  {
    "id": "3586098f-963d-4c00-9e02-dcce8e0b5c57",
    "data": [
      {
        "text": "come posso contattare i tuoi sviluppatori",
        "userDefined": false
      }
    ],
    "isTemplate": false,
    "count": 0,
    "lang": "it",
    "updated": 0
  },
  {
    "id": "e585ea3a-f635-4f24-a225-5f716d1fa2ce",
    "data": [
      {
        "text": "contatta i tuoi creatori",
        "userDefined": false
      }
    ],
    "isTemplate": false,
    "count": 0,
    "lang": "it",
    "updated": 0
  },
  {
    "id": "d7dfcadf-4386-47ec-8cfe-7f52833961ad",
    "data": [
      {
        "text": "come contattare i tuoi sviluppatori",
        "userDefined": false
      }
    ],
    "isTemplate": false,
    "count": 0,
    "lang": "it",
    "updated": 0
  }
]