[
  {
    "id": "621f3f92-f7a1-447f-9c35-53cf28820ce3",
    "data": [
      {
        "text": "联系你",
        "userDefined": false
      },
      {
        "text": "的",
        "userDefined": true
      },
      {
        "text": "开发",
        "userDefined": true
      },
      {
        "text": "人员",
        "userDefined": false
      }
    ],
    "isTemplate": false,
    "count": 0,
    "lang": "zh-cn",
    "updated": 0
  },
  {
    "id": "b8bfd351-4e43-490a-a06e-3b1b5337849f",
    "data": [
      {
        "text": "告诉我怎联系你的开发人员",
        "userDefined": false
      }
    ],
    "isTemplate": false,
    "count": 0,
    "lang": "zh-cn",
    "updated": 0
  },
  {
    "id": "7ceb3561-8145-4577-960f-01c183e391cd",
    "data": [
      {
        "text": "您的开发人员的联系方式是什么",
        "userDefined": false
      }
    ],
    "isTemplate": false,
    "count": 0,
    "lang": "zh-cn",
    "updated": 0
  },
  {
    "id": "4093733f-6d5a-4de4-82c0-68cabe5cf757",
    "data": [
      {
        "text": "如何联系你的开发人员",
        "userDefined": false
      }
    ],
    "isTemplate": false,
    "count": 0,
    "lang": "zh-cn",
    "updated": 0
  },
  {
    "id": "1956ab85-df83-4c17-80cc-6b973136418e",
    "data": [
      {
        "text": "我想联系你的开发人员",
        "userDefined": false
      }
    ],
    "isTemplate": false,
    "count": 0,
    "lang": "zh-cn",
    "updated": 0
  },
  {
    "id": "11b6ce4d-3449-463f-bd3f-356633bc6aa6",
    "data": [
      {
        "text": "给你联系方式是什么",
        "userDefined": false
      }
    ],
    "isTemplate": false,
    "count": 0,
    "lang": "zh-cn",
    "updated": 0
  },
  {
    "id": "b22a227e-6b87-4351-a6e2-3585241506c6",
    "data": [
      {
        "text": "联系给你的开发人员",
        "userDefined": false
      }
    ],
    "isTemplate": false,
    "count": 0,
    "lang": "zh-cn",
    "updated": 0
  },
  {
    "id": "520fbaab-ee40-4de4-957b-bb35435595de",
    "data": [
      {
        "text": "如何联系您的开发人员",
        "userDefined": false
      }
    ],
    "isTemplate": false,
    "count": 0,
    "lang": "zh-cn",
    "updated": 0
  },
  {
    "id": "0ba1ccf7-f203-4bd5-a15b-ac61a6bb6002",
    "data": [
      {
        "text": "我可以联系您的开发人员吗",
        "userDefined": false
      }
    ],
    "isTemplate": false,
    "count": 0,
    "lang": "zh-cn",
    "updated": 0
  },
  {
    "id": "95155941-1074-4028-9572-4ea640ffabda",
    "data": [
      {
        "text": "我想要联系你的开发人员",
        "userDefined": false
      }
    ],
    "isTemplate": false,
    "count": 0,
    "lang": "zh-cn",
    "updated": 0
  },
  {
    "id": "48907399-667d-4495-86ba-f1310ed02e8d",
    "data": [
      {
        "text": "我想联系您的开发人员",
        "userDefined": false
      }
    ],
    "isTemplate": false,
    "count": 0,
    "lang": "zh-cn",
    "updated": 0
  },
  {
    "id": "da2a990f-8d26-4348-bce2-99c8325117da",
    "data": [
      {
        "text": "让我给你的开发人员联系",
        "userDefined": false
      }
    ],
    "isTemplate": false,
    "count": 0,
    "lang": "zh-cn",
    "updated": 0
  },
  {
    "id": "31695331-03e3-447f-83e8-41f9d203a4c2",
    "data": [
      {
        "text": "你的开发者联系信息是什么",
        "userDefined": false
      }
    ],
    "isTemplate": false,
    "count": 0,
    "lang": "zh-cn",
    "updated": 0
  },
  {
    "id": "3e50e9d9-533a-482c-97a6-0ee8b86a5a3a",
    "data": [
      {
        "text": "联系您的创作者",
        "userDefined": false
      }
    ],
    "isTemplate": false,
    "count": 0,
    "lang": "zh-cn",
    "updated": 0
  },
  {
    "id": "a4b37172-4db3-4675-927f-895a926fad64",
    "data": [
      {
        "text": "我要联系你的开发人员",
        "userDefined": false
      }
    ],
    "isTemplate": false,
    "count": 0,
    "lang": "zh-cn",
    "updated": 0
  },
  {
    "id": "356b8ad9-ec09-4538-9792-0d1b962b00f0",
    "data": [
      {
        "text": "怎么联系你的开发人员",
        "userDefined": false
      }
    ],
    "isTemplate": false,
    "count": 0,
    "lang": "zh-cn",
    "updated": 0
  }
]