[
  {
    "id": "30bf33cd-8269-405c-a231-8935b7e7d439",
    "data": [
      {
        "text": "你有沒有測試版",
        "userDefined": false
      }
    ],
    "isTemplate": false,
    "count": 0,
    "lang": "zh-hk",
    "updated": 0
  },
  {
    "id": "cc308f1b-23e7-437e-b265-beeb73c8b7af",
    "data": [
      {
        "text": "下載捏的測試版",
        "userDefined": false
      }
    ],
    "isTemplate": false,
    "count": 0,
    "lang": "zh-hk",
    "updated": 0
  },
  {
    "id": "ee3a5e28-4096-4838-ae36-6378c1c9fc74",
    "data": [
      {
        "text": "在哪裏可以找到你的測試版本",
        "userDefined": false
      }
    ],
    "isTemplate": false,
    "count": 0,
    "lang": "zh-hk",
    "updated": 0
  },
  {
    "id": "66f02650-8202-4738-86d1-bb0691904ae8",
    "data": [
      {
        "text": "顯示您的測試版本",
        "userDefined": false
      }
    ],
    "isTemplate": false,
    "count": 0,
    "lang": "zh-hk",
    "updated": 0
  },
  {
    "id": "41a32dcc-f577-43c2-b6a6-e24a3799c4b9",
    "data": [
      {
        "text": "你的測試版在哪裏",
        "userDefined": false
      }
    ],
    "isTemplate": false,
    "count": 0,
    "lang": "zh-hk",
    "updated": 0
  },
  {
    "id": "54885fc5-683a-45f8-8454-ed2130e5fd3e",
    "data": [
      {
        "text": "參加你的測試版",
        "userDefined": false
      }
    ],
    "isTemplate": false,
    "count": 0,
    "lang": "zh-hk",
    "updated": 0
  },
  {
    "id": "19692273-c315-4309-ad14-85074a475125",
    "data": [
      {
        "text": "你有測試版嗎",
        "userDefined": false
      }
    ],
    "isTemplate": false,
    "count": 0,
    "lang": "zh-hk",
    "updated": 0
  },
  {
    "id": "a52edfb8-84c1-4164-8265-c1d70bdedce8",
    "data": [
      {
        "text": "如何下載你的測試版",
        "userDefined": false
      }
    ],
    "isTemplate": false,
    "count": 0,
    "lang": "zh-hk",
    "updated": 0
  },
  {
    "id": "ee1c3125-3b69-4da9-a838-c212538c3cf6",
    "data": [
      {
        "text": "你有這測試版嗎",
        "userDefined": false
      }
    ],
    "isTemplate": false,
    "count": 0,
    "lang": "zh-hk",
    "updated": 0
  },
  {
    "id": "1b49aed5-645b-45bd-adca-5a479bb280f8",
    "data": [
      {
        "text": "搜索您的測試版本",
        "userDefined": false
      }
    ],
    "isTemplate": false,
    "count": 0,
    "lang": "zh-hk",
    "updated": 0
  },
  {
    "id": "c72beaf6-b0d9-4e8d-a8ee-f6b2bce550a2",
    "data": [
      {
        "text": "我想成爲您的測試人員",
        "userDefined": false
      }
    ],
    "isTemplate": false,
    "count": 0,
    "lang": "zh-hk",
    "updated": 0
  },
  {
    "id": "638d9af8-5db0-42d7-8085-e1deb5de4dc3",
    "data": [
      {
        "text": "我想加入 Beta 版測試組",
        "userDefined": false
      }
    ],
    "isTemplate": false,
    "count": 1,
    "lang": "zh-hk",
    "updated": 0
  },
  {
    "id": "488a302d-cc64-4910-b3e2-39339515a283",
    "data": [
      {
        "text": "你的測試版",
        "userDefined": false
      }
    ],
    "isTemplate": false,
    "count": 0,
    "lang": "zh-hk",
    "updated": 0
  },
  {
    "id": "28bdc961-9d4d-49ca-a0a6-4aee8e3f8f2d",
    "data": [
      {
        "text": "我想參加你的測試版",
        "userDefined": false
      }
    ],
    "isTemplate": false,
    "count": 0,
    "lang": "zh-hk",
    "updated": 0
  },
  {
    "id": "1dd2d518-bd3f-48c2-9b6a-0470922f42cb",
    "data": [
      {
        "text": "你有測試版本嗎",
        "userDefined": false
      }
    ],
    "isTemplate": false,
    "count": 0,
    "lang": "zh-hk",
    "updated": 0
  },
  {
    "id": "b3cf3932-e356-4500-8400-6ff1e774ed89",
    "data": [
      {
        "text": "測試版本的應用程序",
        "userDefined": false
      }
    ],
    "isTemplate": false,
    "count": 0,
    "lang": "zh-hk",
    "updated": 0
  },
  {
    "id": "eded9528-ef22-4c41-8a25-fc82692a2605",
    "data": [
      {
        "text": "關于測試版",
        "userDefined": false
      }
    ],
    "isTemplate": false,
    "count": 0,
    "lang": "zh-hk",
    "updated": 0
  },
  {
    "id": "1f9b96ed-eba7-42b6-aae4-d6f4f742fe33",
    "data": [
      {
        "text": "我想測試你的測試版本",
        "userDefined": false
      }
    ],
    "isTemplate": false,
    "count": 0,
    "lang": "zh-hk",
    "updated": 0
  },
  {
    "id": "9595359e-20e8-4a8f-baf1-32f6148c5843",
    "data": [
      {
        "text": "你的測試版本",
        "userDefined": false
      }
    ],
    "isTemplate": false,
    "count": 0,
    "lang": "zh-hk",
    "updated": 0
  },
  {
    "id": "3ebb9360-6613-4915-b507-b0aa620cde70",
    "data": [
      {
        "text": "搜索你的測試版",
        "userDefined": false
      }
    ],
    "isTemplate": false,
    "count": 0,
    "lang": "zh-hk",
    "updated": 0
  },
  {
    "id": "2c9b8e0f-1164-4fd1-b111-b1d3524a18cd",
    "data": [
      {
        "text": "測試版本",
        "userDefined": false
      }
    ],
    "isTemplate": false,
    "count": 0,
    "lang": "zh-hk",
    "updated": 0
  },
  {
    "id": "b8a36afa-ed42-40e2-85e3-987b8ddf1e5f",
    "data": [
      {
        "text": "顯示你的測試版",
        "userDefined": false
      }
    ],
    "isTemplate": false,
    "count": 0,
    "lang": "zh-hk",
    "updated": 0
  }
]