[
  {
    "id": "0fc8b695-d8a7-406f-8593-6cb6c1f1d7a9",
    "data": [
      {
        "text": "我要知道你的開發者電話",
        "userDefined": false
      }
    ],
    "isTemplate": false,
    "count": 0,
    "lang": "zh-tw",
    "updated": 0
  },
  {
    "id": "0a15c8ba-1fa9-4cc7-bd18-208fc87363cb",
    "data": [
      {
        "text": "請你告訴我你的開發者電話",
        "userDefined": false
      }
    ],
    "isTemplate": false,
    "count": 0,
    "lang": "zh-tw",
    "updated": 0
  },
  {
    "id": "e641a4ad-4b3f-46fa-8b16-7db1744be558",
    "data": [
      {
        "text": "請你能給我開發者的電話號碼",
        "userDefined": false
      }
    ],
    "isTemplate": false,
    "count": 0,
    "lang": "zh-tw",
    "updated": 0
  },
  {
    "id": "de7809a5-100f-4ad5-a9ad-9680118e17bd",
    "data": [
      {
        "text": "找到你的開發者號碼",
        "userDefined": false
      }
    ],
    "isTemplate": false,
    "count": 0,
    "lang": "zh-tw",
    "updated": 0
  },
  {
    "id": "534355c3-f0b3-440f-ba19-820c35ff45da",
    "data": [
      {
        "text": "給我你的開發者電話號碼",
        "userDefined": false
      }
    ],
    "isTemplate": false,
    "count": 0,
    "lang": "zh-tw",
    "updated": 0
  },
  {
    "id": "b8ed6bfe-267d-46ba-af09-d5d08249f71e",
    "data": [
      {
        "text": "告訴我你的開發者電話號碼我想和他們談談",
        "userDefined": false
      }
    ],
    "isTemplate": false,
    "count": 0,
    "lang": "zh-tw",
    "updated": 0
  },
  {
    "id": "005698d8-7b1a-4127-8680-52d1bd93fd16",
    "data": [
      {
        "text": "告訴我你的開發者號碼",
        "userDefined": false
      }
    ],
    "isTemplate": false,
    "count": 0,
    "lang": "zh-tw",
    "updated": 0
  },
  {
    "id": "21a0c904-c27b-44c7-bfd9-69d32ed1a68f",
    "data": [
      {
        "text": "搜索你的開發者的電話號碼",
        "userDefined": false
      }
    ],
    "isTemplate": false,
    "count": 1,
    "lang": "zh-tw",
    "updated": 0
  },
  {
    "id": "150be547-0518-4f0a-b6b0-ace4505a6380",
    "data": [
      {
        "text": "你的開發人員的電話",
        "userDefined": false
      }
    ],
    "isTemplate": false,
    "count": 0,
    "lang": "zh-tw",
    "updated": 0
  },
  {
    "id": "d1cd7d6c-d2f3-4054-b582-d902614e379e",
    "data": [
      {
        "text": "告訴我你的開發者電話",
        "userDefined": false
      }
    ],
    "isTemplate": false,
    "count": 0,
    "lang": "zh-tw",
    "updated": 0
  },
  {
    "id": "cb644c00-32b4-45fb-a862-29c56669b019",
    "data": [
      {
        "text": "我先知道你的開發者電話",
        "userDefined": false
      }
    ],
    "isTemplate": false,
    "count": 0,
    "lang": "zh-tw",
    "updated": 0
  },
  {
    "id": "130c6d61-95b2-47d9-b323-5815ee9c05f3",
    "data": [
      {
        "text": "你的開發者電話號碼",
        "userDefined": false
      }
    ],
    "isTemplate": false,
    "count": 0,
    "lang": "zh-tw",
    "updated": 0
  },
  {
    "id": "cb0e68f2-656b-4c82-bd8b-718f57dc7010",
    "data": [
      {
        "text": "你的開發者電話",
        "userDefined": false
      }
    ],
    "isTemplate": false,
    "count": 0,
    "lang": "zh-tw",
    "updated": 0
  },
  {
    "id": "56172b0e-d322-4419-b339-be14c6f816d3",
    "data": [
      {
        "text": "你的開發者的手機號碼",
        "userDefined": false
      }
    ],
    "isTemplate": false,
    "count": 0,
    "lang": "zh-tw",
    "updated": 0
  },
  {
    "id": "abfc343c-70ad-4b0f-9218-fafbfdb7d8d9",
    "data": [
      {
        "text": "搜索您的開發者電話號碼",
        "userDefined": false
      }
    ],
    "isTemplate": false,
    "count": 0,
    "lang": "zh-tw",
    "updated": 0
  },
  {
    "id": "7e4cf579-01ac-4d96-af32-474ecac87f0a",
    "data": [
      {
        "text": "我需要您的開發人員的電話號碼",
        "userDefined": false
      }
    ],
    "isTemplate": false,
    "count": 0,
    "lang": "zh-tw",
    "updated": 0
  },
  {
    "id": "559d9c70-3212-4897-b383-8e466776c157",
    "data": [
      {
        "text": "我可以通過電話與開發人員聯系嗎",
        "userDefined": false
      }
    ],
    "isTemplate": false,
    "count": 0,
    "lang": "zh-tw",
    "updated": 0
  },
  {
    "id": "4fe7f0fd-0122-427d-aa68-8c31d62427d6",
    "data": [
      {
        "text": "我可以打電話給你的開發者嗎",
        "userDefined": false
      }
    ],
    "isTemplate": false,
    "count": 0,
    "lang": "zh-tw",
    "updated": 0
  }
]