[
  {
    "id": "25c0d2e6-32e7-4756-91f5-61f3ba458ff2",
    "data": [
      {
        "text": "我想知道您的應用程序的名稱",
        "userDefined": false
      }
    ],
    "isTemplate": false,
    "count": 0,
    "lang": "zh-hk",
    "updated": 0
  },
  {
    "id": "d08c2d9c-a37b-4dfa-b374-9116d40c4f77",
    "data": [
      {
        "text": "程序的",
        "userDefined": false
      },
      {
        "text": "名字",
        "userDefined": true
      }
    ],
    "isTemplate": false,
    "count": 0,
    "lang": "zh-hk",
    "updated": 0
  },
  {
    "id": "8c91d4db-d3a0-4335-be7f-52a397c226a2",
    "data": [
      {
        "text": "程序",
        "userDefined": false
      },
      {
        "text": "名字",
        "userDefined": true
      }
    ],
    "isTemplate": false,
    "count": 0,
    "lang": "zh-hk",
    "updated": 0
  },
  {
    "id": "a44f29b1-1784-4be9-be1d-8c60fa3b0806",
    "data": [
      {
        "text": "你的應用程序怎麽叫",
        "userDefined": false
      }
    ],
    "isTemplate": false,
    "count": 1,
    "lang": "zh-hk",
    "updated": 0
  },
  {
    "id": "49b54598-507e-4784-aa25-d95906f8c631",
    "data": [
      {
        "text": "告訴我你的應用程序名稱",
        "userDefined": false
      }
    ],
    "isTemplate": false,
    "count": 1,
    "lang": "zh-hk",
    "updated": 0
  },
  {
    "id": "ce36f64e-3e56-4486-ae30-c4ba85c065b1",
    "data": [
      {
        "text": "你的應用程序的名稱是什麽",
        "userDefined": false
      }
    ],
    "isTemplate": false,
    "count": 0,
    "lang": "zh-hk",
    "updated": 0
  },
  {
    "id": "e5012f2e-8753-49c7-af70-a608787ce63f",
    "data": [
      {
        "text": "你程序的",
        "userDefined": false
      },
      {
        "text": "名字",
        "userDefined": true
      }
    ],
    "isTemplate": false,
    "count": 0,
    "lang": "zh-hk",
    "updated": 0
  },
  {
    "id": "0d34d9e1-6f06-45d6-9742-70b5b9ad1182",
    "data": [
      {
        "text": "我怎麽知道您的應用程序的名稱",
        "userDefined": false
      }
    ],
    "isTemplate": false,
    "count": 1,
    "lang": "zh-hk",
    "updated": 0
  },
  {
    "id": "c64161a1-923b-4b27-9455-543428a62e1a",
    "data": [
      {
        "text": "應用程式的名稱是什麽",
        "userDefined": false
      }
    ],
    "isTemplate": false,
    "count": 0,
    "lang": "zh-hk",
    "updated": 0
  },
  {
    "id": "453eaf4d-2ef4-485e-ad0e-13e6e22c3f1c",
    "data": [
      {
        "text": "應用程式名稱",
        "userDefined": false
      }
    ],
    "isTemplate": false,
    "count": 0,
    "lang": "zh-hk",
    "updated": 0
  },
  {
    "id": "8a9ad881-d3b4-46a2-b22b-e22f1886869c",
    "data": [
      {
        "text": "你的應用程序名稱是什麽",
        "userDefined": false
      }
    ],
    "isTemplate": false,
    "count": 0,
    "lang": "zh-hk",
    "updated": 0
  }
]