[
  {
    "id": "c26f269d-777c-4e7d-9525-43605f62579a",
    "data": [
      {
        "text": "你",
        "userDefined": false
      },
      {
        "text": "的",
        "userDefined": false
      },
      {
        "text": "开发",
        "userDefined": false
      },
      {
        "text": "人员",
        "userDefined": false
      },
      {
        "text": "的地址",
        "userDefined": false
      }
    ],
    "isTemplate": false,
    "count": 0,
    "lang": "zh-cn",
    "updated": 0
  },
  {
    "id": "1a431a06-f5bd-4c2d-b3b9-77889e40cd92",
    "data": [
      {
        "text": "告诉我你的开发者地址",
        "userDefined": false
      }
    ],
    "isTemplate": false,
    "count": 0,
    "lang": "zh-cn",
    "updated": 0
  },
  {
    "id": "2ff2d1d8-a8a8-4e49-a8f9-2e589ed4cded",
    "data": [
      {
        "text": "你",
        "userDefined": false
      },
      {
        "text": "的",
        "userDefined": false
      },
      {
        "text": "开发",
        "userDefined": false
      },
      {
        "text": "人员住在哪儿",
        "userDefined": false
      }
    ],
    "isTemplate": false,
    "count": 0,
    "lang": "zh-cn",
    "updated": 0
  },
  {
    "id": "4faf3535-2c75-4fe2-b719-4242fa993f3a",
    "data": [
      {
        "text": "你的开发者的地址",
        "userDefined": false
      }
    ],
    "isTemplate": false,
    "count": 0,
    "lang": "zh-cn",
    "updated": 0
  },
  {
    "id": "0e1a8fee-8bd0-43a4-88c5-81576d564f1c",
    "data": [
      {
        "text": "你的开发人员在哪里工作",
        "userDefined": false
      }
    ],
    "isTemplate": false,
    "count": 0,
    "lang": "zh-cn",
    "updated": 0
  },
  {
    "id": "67129617-a8b2-4e1b-a977-8aa23f0a8e19",
    "data": [
      {
        "text": "你的开发人员在哪里",
        "userDefined": false
      }
    ],
    "isTemplate": false,
    "count": 0,
    "lang": "zh-cn",
    "updated": 0
  },
  {
    "id": "ac57199f-9388-4027-8617-eac2a5f36698",
    "data": [
      {
        "text": "在哪里可以找到你公司的地址",
        "userDefined": false
      }
    ],
    "isTemplate": false,
    "count": 0,
    "lang": "zh-cn",
    "updated": 0
  },
  {
    "id": "0c161721-2f41-4d62-aaae-202548a6ebbb",
    "data": [
      {
        "text": "你的开发人员住在哪里",
        "userDefined": false
      }
    ],
    "isTemplate": false,
    "count": 0,
    "lang": "zh-cn",
    "updated": 0
  },
  {
    "id": "68512b33-3868-41e8-bfbb-993ea17d5d11",
    "data": [
      {
        "text": "告诉我你的开发人员的办公室在哪里",
        "userDefined": false
      }
    ],
    "isTemplate": false,
    "count": 0,
    "lang": "zh-cn",
    "updated": 0
  },
  {
    "id": "31476a4d-fb9d-47a8-a920-47893b5f80c5",
    "data": [
      {
        "text": "你的开发者办公室的地址",
        "userDefined": false
      }
    ],
    "isTemplate": false,
    "count": 0,
    "lang": "zh-cn",
    "updated": 0
  },
  {
    "id": "41ec1d8b-5227-448a-a56b-70a83a91ad48",
    "data": [
      {
        "text": "你的创作者在哪里",
        "userDefined": false
      }
    ],
    "isTemplate": false,
    "count": 0,
    "lang": "zh-cn",
    "updated": 0
  },
  {
    "id": "5e8b0cf6-d73f-4b1d-a7c5-0bcd18d1f1b8",
    "data": [
      {
        "text": "我需要你的公司地址",
        "userDefined": false
      }
    ],
    "isTemplate": false,
    "count": 0,
    "lang": "zh-cn",
    "updated": 0
  },
  {
    "id": "1fdbec0e-d3e1-4426-9ee8-1dde83bb5ba8",
    "data": [
      {
        "text": "你能给我你的开发者地址吗",
        "userDefined": false
      }
    ],
    "isTemplate": false,
    "count": 0,
    "lang": "zh-cn",
    "updated": 0
  },
  {
    "id": "4de0d1a2-9de6-4306-93d5-181c7d39456d",
    "data": [
      {
        "text": "给我你的开发者的地址",
        "userDefined": false
      }
    ],
    "isTemplate": false,
    "count": 0,
    "lang": "zh-cn",
    "updated": 0
  },
  {
    "id": "37695c3d-ca23-4da0-a908-dd852a3da984",
    "data": [
      {
        "text": "向我提供开发人员的地址",
        "userDefined": false
      }
    ],
    "isTemplate": false,
    "count": 0,
    "lang": "zh-cn",
    "updated": 0
  },
  {
    "id": "82ebdb60-4e10-4ed6-bbed-114eb316237b",
    "data": [
      {
        "text": "你公司在哪里",
        "userDefined": false
      }
    ],
    "isTemplate": false,
    "count": 0,
    "lang": "zh-cn",
    "updated": 0
  },
  {
    "id": "b95d68dc-9430-4ac1-9897-2d24f76a8cb5",
    "data": [
      {
        "text": "您的开发人员的位置",
        "userDefined": false
      }
    ],
    "isTemplate": false,
    "count": 0,
    "lang": "zh-cn",
    "updated": 0
  },
  {
    "id": "222cef80-df3c-4287-9c59-4b3704d7ae0e",
    "data": [
      {
        "text": "我想知道你公司的主要办公室在哪里",
        "userDefined": false
      }
    ],
    "isTemplate": false,
    "count": 0,
    "lang": "zh-cn",
    "updated": 0
  },
  {
    "id": "170b6757-5362-4fd2-af57-d70d3287335d",
    "data": [
      {
        "text": "你的开发者的地址是什么",
        "userDefined": false
      }
    ],
    "isTemplate": false,
    "count": 0,
    "lang": "zh-cn",
    "updated": 0
  }
]