[
  {
    "id": "cfae418d-e1cf-4975-b831-860b1121a530",
    "data": [
      {
        "text": "можно позвонить разработчикам",
        "userDefined": false
      }
    ],
    "isTemplate": false,
    "count": 0,
    "lang": "ru",
    "updated": 0
  },
  {
    "id": "bcb6b978-9906-4ab7-866c-5540e8e29fb8",
    "data": [
      {
        "text": "я хочу связаться с разработчиками дай мне их номер",
        "userDefined": false
      }
    ],
    "isTemplate": false,
    "count": 0,
    "lang": "ru",
    "updated": 0
  },
  {
    "id": "4cf676c8-8241-4f98-b155-3601a92574dc",
    "data": [
      {
        "text": "поищи номер телефона разработчиков",
        "userDefined": false
      }
    ],
    "isTemplate": false,
    "count": 0,
    "lang": "ru",
    "updated": 0
  },
  {
    "id": "638b8e96-8207-42ff-b48d-6c3e1e6b4f9b",
    "data": [
      {
        "text": "я бы хотел поговорить с разработчиками по телефону",
        "userDefined": false
      }
    ],
    "isTemplate": false,
    "count": 0,
    "lang": "ru",
    "updated": 0
  },
  {
    "id": "0340abfd-4f70-4270-9d62-83826e610cd2",
    "data": [
      {
        "text": "телефонный номер разработчиков",
        "userDefined": false
      }
    ],
    "isTemplate": false,
    "count": 0,
    "lang": "ru",
    "updated": 0
  },
  {
    "id": "1f99ea09-25ab-4f81-87ca-b669fffc24fb",
    "data": [
      {
        "text": "хочу позвонить твоим разработчикам",
        "userDefined": false
      }
    ],
    "isTemplate": false,
    "count": 0,
    "lang": "ru",
    "updated": 0
  },
  {
    "id": "97fa3f97-6c97-48a4-b116-70bebab5f8ca",
    "data": [
      {
        "text": "могу я связаться с разработчиками по телефону",
        "userDefined": false
      }
    ],
    "isTemplate": false,
    "count": 0,
    "lang": "ru",
    "updated": 0
  },
  {
    "id": "7ab5f027-e294-48a7-b158-dc918739e3aa",
    "data": [
      {
        "text": "дай телефон разработчиков",
        "userDefined": false
      }
    ],
    "isTemplate": false,
    "count": 0,
    "lang": "ru",
    "updated": 0
  },
  {
    "id": "0fb73f0a-ca63-4937-ba6c-3a4db6034174",
    "data": [
      {
        "text": "найди телефонный номер разработчиков",
        "userDefined": false
      }
    ],
    "isTemplate": false,
    "count": 0,
    "lang": "ru",
    "updated": 0
  },
  {
    "id": "fd815522-3c31-4b76-aceb-4b7d95e63bbf",
    "data": [
      {
        "text": "где найти номер телефона разработчиков",
        "userDefined": false
      }
    ],
    "isTemplate": false,
    "count": 0,
    "lang": "ru",
    "updated": 0
  },
  {
    "id": "e99a1a22-0073-4a0c-8b0b-4c830d8a2715",
    "data": [
      {
        "text": "скажи мне номер телефона твоих разработчиков я бы хотел поговорить с ними",
        "userDefined": false
      }
    ],
    "isTemplate": false,
    "count": 0,
    "lang": "ru",
    "updated": 0
  },
  {
    "id": "51061dd0-4013-4b8f-86d6-97d5e6e04d79",
    "data": [
      {
        "text": "покажи номер телефона разработчиков",
        "userDefined": false
      }
    ],
    "isTemplate": false,
    "count": 0,
    "lang": "ru",
    "updated": 0
  },
  {
    "id": "be42bce5-358d-4a77-bd4f-26dd865097bc",
    "data": [
      {
        "text": "номер телефона твоих разработчиков",
        "userDefined": false
      }
    ],
    "isTemplate": false,
    "count": 0,
    "lang": "ru",
    "updated": 0
  },
  {
    "id": "76d42ca5-1a9f-42c6-b97c-59c3d0d44228",
    "data": [
      {
        "text": "покажи номер телефона",
        "userDefined": false
      }
    ],
    "isTemplate": false,
    "count": 0,
    "lang": "ru",
    "updated": 0
  },
  {
    "id": "562f9baa-565e-43fb-8603-6f6d4ff84b83",
    "data": [
      {
        "text": "дай пожалуйста телефон разработчиков",
        "userDefined": false
      }
    ],
    "isTemplate": false,
    "count": 0,
    "lang": "ru",
    "updated": 0
  },
  {
    "id": "d2eea29c-4fa9-4f89-ad25-524c180ef1b6",
    "data": [
      {
        "text": "нужен номер телефона разработчиков",
        "userDefined": false
      }
    ],
    "isTemplate": false,
    "count": 0,
    "lang": "ru",
    "updated": 0
  }
]