[
  {
    "id": "012a4192-e59d-4274-984f-1d8dae5c11d1",
    "data": [
      {
        "text": "为我打开你的网站",
        "userDefined": false
      }
    ],
    "isTemplate": false,
    "count": 0,
    "lang": "zh-cn",
    "updated": 0
  },
  {
    "id": "3e8137cc-10e1-407f-a986-20bd734aa9cc",
    "data": [
      {
        "text": "给我看你的网站",
        "userDefined": false
      }
    ],
    "isTemplate": false,
    "count": 0,
    "lang": "zh-cn",
    "updated": 0
  },
  {
    "id": "31a46559-94b7-4f4a-9e65-191bcd5417bf",
    "data": [
      {
        "text": "找到你的网站",
        "userDefined": false
      }
    ],
    "isTemplate": false,
    "count": 0,
    "lang": "zh-cn",
    "updated": 0
  },
  {
    "id": "a81f0a13-9e79-4c75-9681-9cd7224c2294",
    "data": [
      {
        "text": "如何访问你的网站",
        "userDefined": false
      }
    ],
    "isTemplate": false,
    "count": 0,
    "lang": "zh-cn",
    "updated": 0
  },
  {
    "id": "ab90349a-0f68-41e7-9d40-a96978f9199e",
    "data": [
      {
        "text": "你的开发者有网站吗",
        "userDefined": false
      }
    ],
    "isTemplate": false,
    "count": 0,
    "lang": "zh-cn",
    "updated": 0
  },
  {
    "id": "6ee9be72-00a8-4783-9207-5b9fbc9324d6",
    "data": [
      {
        "text": "你有自己的网站吗",
        "userDefined": false
      }
    ],
    "isTemplate": false,
    "count": 0,
    "lang": "zh-cn",
    "updated": 0
  },
  {
    "id": "506c11ce-3d82-4a5f-b577-78691f4be227",
    "data": [
      {
        "text": "你的网站在哪里",
        "userDefined": false
      }
    ],
    "isTemplate": false,
    "count": 0,
    "lang": "zh-cn",
    "updated": 0
  },
  {
    "id": "57f73df4-c998-496b-8cf9-beae49703ae9",
    "data": [
      {
        "text": "你的开发者的网站",
        "userDefined": false
      }
    ],
    "isTemplate": false,
    "count": 0,
    "lang": "zh-cn",
    "updated": 0
  },
  {
    "id": "a49db840-b448-4636-b213-71139669d422",
    "data": [
      {
        "text": "请显示你的开发者网站",
        "userDefined": false
      }
    ],
    "isTemplate": false,
    "count": 0,
    "lang": "zh-cn",
    "updated": 0
  },
  {
    "id": "0e42362f-04eb-4492-b34a-1c539951b161",
    "data": [
      {
        "text": "你",
        "userDefined": false
      },
      {
        "text": "的",
        "userDefined": false
      },
      {
        "text": "网络",
        "userDefined": false
      }
    ],
    "isTemplate": false,
    "count": 0,
    "lang": "zh-cn",
    "updated": 0
  },
  {
    "id": "bc9999c0-ef55-482f-9a98-64f6624d70ef",
    "data": [
      {
        "text": "你能打开你的网站吗",
        "userDefined": false
      }
    ],
    "isTemplate": false,
    "count": 0,
    "lang": "zh-cn",
    "updated": 0
  },
  {
    "id": "a2189f86-e5de-4d7b-ac66-cd555b6f14bb",
    "data": [
      {
        "text": "打开你公司的网站",
        "userDefined": false
      }
    ],
    "isTemplate": false,
    "count": 0,
    "lang": "zh-cn",
    "updated": 0
  },
  {
    "id": "772ecd4f-a7a0-4d17-a320-bab64acff563",
    "data": [
      {
        "text": "你",
        "userDefined": false
      },
      {
        "text": "的",
        "userDefined": false
      },
      {
        "text": "网",
        "userDefined": false
      },
      {
        "text": "站",
        "userDefined": false
      }
    ],
    "isTemplate": false,
    "count": 0,
    "lang": "zh-cn",
    "updated": 0
  },
  {
    "id": "c8ec7ad3-8bd7-4540-ba9e-c770f58a0bf5",
    "data": [
      {
        "text": "你的网页",
        "userDefined": false
      }
    ],
    "isTemplate": false,
    "count": 0,
    "lang": "zh-cn",
    "updated": 0
  },
  {
    "id": "d7638739-ee5f-420d-bb19-cfe7abef0ab7",
    "data": [
      {
        "text": "你有网站吗",
        "userDefined": false
      }
    ],
    "isTemplate": false,
    "count": 0,
    "lang": "zh-cn",
    "updated": 0
  }
]