[
  {
    "id": "f9917db8-d872-488d-984c-86d7be005f28",
    "data": [
      {
        "text": "電話のかけ方",
        "userDefined": false
      }
    ],
    "isTemplate": false,
    "count": 1,
    "lang": "ja",
    "updated": 0
  },
  {
    "id": "e4001c07-7e7f-4f8b-a685-4899a3ff749b",
    "data": [
      {
        "text": "電話番号についてはどうですか",
        "userDefined": false
      }
    ],
    "isTemplate": false,
    "count": 0,
    "lang": "ja",
    "updated": 0
  },
  {
    "id": "42e2356b-f7a1-4d22-80c8-e9adea3a6fc2",
    "data": [
      {
        "text": "とその人たちの電話番号",
        "userDefined": false
      }
    ],
    "isTemplate": false,
    "count": 1,
    "lang": "ja",
    "updated": 0
  },
  {
    "id": "4e4030f1-9d14-41d1-bdab-b34bcb63b1b2",
    "data": [
      {
        "text": "彼女の電話番号",
        "userDefined": false
      }
    ],
    "isTemplate": false,
    "count": 0,
    "lang": "ja",
    "updated": 0
  },
  {
    "id": "8694b48a-76a7-464d-b797-e2dda6e2c095",
    "data": [
      {
        "text": "連絡先番号",
        "userDefined": true
      }
    ],
    "isTemplate": false,
    "count": 0,
    "lang": "ja",
    "updated": 0
  },
  {
    "id": "37b6b0ae-e64e-4dca-8ab4-b99433e24aba",
    "data": [
      {
        "text": "電話番号も",
        "userDefined": false
      }
    ],
    "isTemplate": false,
    "count": 1,
    "lang": "ja",
    "updated": 0
  },
  {
    "id": "713e4866-c092-4219-b3bb-581d60f69e20",
    "data": [
      {
        "text": "連絡先番号についてはどうですか",
        "userDefined": false
      }
    ],
    "isTemplate": false,
    "count": 1,
    "lang": "ja",
    "updated": 0
  },
  {
    "id": "e46498d3-3318-42d0-9b0b-c6f7afedb3f1",
    "data": [
      {
        "text": "彼の電話番号はどうですか",
        "userDefined": false
      }
    ],
    "isTemplate": false,
    "count": 0,
    "lang": "ja",
    "updated": 0
  },
  {
    "id": "46fe7193-3f73-4eb9-a3d5-9ca89ac789fd",
    "data": [
      {
        "text": "電話番号も必要です",
        "userDefined": false
      }
    ],
    "isTemplate": false,
    "count": 1,
    "lang": "ja",
    "updated": 0
  },
  {
    "id": "f108edc1-9789-46e4-964a-d8fb2ec62a2a",
    "data": [
      {
        "text": "その人たちの現在の電話番号",
        "userDefined": false
      }
    ],
    "isTemplate": false,
    "count": 0,
    "lang": "ja",
    "updated": 0
  }
]