[
  {
    "id": "25ed1785-a0ed-4a1b-9301-29f88d31455d",
    "data": [
      {
        "text": "what else do your developers do",
        "userDefined": false
      }
    ],
    "isTemplate": false,
    "count": 0,
    "lang": "en",
    "updated": 0
  },
  {
    "id": "27461f3f-d98b-4982-848d-ec742bb036b4",
    "data": [
      {
        "text": "show more information about ",
        "userDefined": false
      },
      {
        "text": "your",
        "userDefined": false
      },
      {
        "text": " developers",
        "userDefined": false
      }
    ],
    "isTemplate": false,
    "count": 0,
    "lang": "en",
    "updated": 0
  },
  {
    "id": "7d4c2e42-80af-41dc-a9b8-33ed0129c7ab",
    "data": [
      {
        "text": "what does your company develop",
        "userDefined": false
      }
    ],
    "isTemplate": false,
    "count": 0,
    "lang": "en",
    "updated": 0
  },
  {
    "id": "f644559f-5c7d-4b58-afa6-19c6fecda1c2",
    "data": [
      {
        "text": "what else your developers do",
        "userDefined": false
      }
    ],
    "isTemplate": false,
    "count": 0,
    "lang": "en",
    "updated": 0
  },
  {
    "id": "f65b0a90-ca77-4cac-b7c5-72a205d1a0e6",
    "data": [
      {
        "text": "tell me more about the company that invented you",
        "userDefined": false
      }
    ],
    "isTemplate": false,
    "count": 0,
    "lang": "en",
    "updated": 0
  },
  {
    "id": "46bbce25-72ae-45cb-a5ad-f648e1e5166b",
    "data": [
      {
        "text": "does your company have some other products",
        "userDefined": false
      }
    ],
    "isTemplate": false,
    "count": 0,
    "lang": "en",
    "updated": 0
  },
  {
    "id": "95039f82-4adb-4e32-988b-2deb976edb99",
    "data": [
      {
        "text": "tell me about ",
        "userDefined": false
      },
      {
        "text": "your",
        "userDefined": false
      },
      {
        "text": " creators",
        "userDefined": false
      }
    ],
    "isTemplate": false,
    "count": 0,
    "lang": "en",
    "updated": 0
  },
  {
    "id": "d37d2fbb-b804-4629-ba5e-381919c3d11a",
    "data": [
      {
        "text": "more information about ",
        "userDefined": false
      },
      {
        "text": "your",
        "userDefined": false
      },
      {
        "text": " developers",
        "userDefined": false
      }
    ],
    "isTemplate": false,
    "count": 0,
    "lang": "en",
    "updated": 0
  },
  {
    "id": "7bb547de-10b4-48f4-8b95-fc90ae9687f9",
    "data": [
      {
        "text": "have your developers created anything ",
        "userDefined": false
      },
      {
        "text": "else",
        "userDefined": false
      }
    ],
    "isTemplate": false,
    "count": 0,
    "lang": "en",
    "updated": 0
  },
  {
    "id": "1b238a92-cbaf-4b64-8935-32602654f8ef",
    "data": [
      {
        "text": "get",
        "userDefined": false
      },
      {
        "text": " me more info about ",
        "userDefined": false
      },
      {
        "text": "your",
        "userDefined": false
      },
      {
        "text": " creators",
        "userDefined": false
      }
    ],
    "isTemplate": false,
    "count": 0,
    "lang": "en",
    "updated": 0
  },
  {
    "id": "40507555-b965-4fff-9392-f10711335ede",
    "data": [
      {
        "text": "what\u0027s your company\u0027s best selling product",
        "userDefined": false
      }
    ],
    "isTemplate": false,
    "count": 0,
    "lang": "en",
    "updated": 0
  },
  {
    "id": "2629b3cd-154d-4511-ba5c-04721f2596e3",
    "data": [
      {
        "text": "what ",
        "userDefined": false
      },
      {
        "text": "do",
        "userDefined": false
      },
      {
        "text": " your developers ",
        "userDefined": false
      },
      {
        "text": "do",
        "userDefined": false
      }
    ],
    "isTemplate": false,
    "count": 0,
    "lang": "en",
    "updated": 0
  },
  {
    "id": "a1f07e9e-c5c0-4b15-814c-418a0711cbdf",
    "data": [
      {
        "text": "does your company develop anything ",
        "userDefined": false
      },
      {
        "text": "else",
        "userDefined": false
      }
    ],
    "isTemplate": false,
    "count": 0,
    "lang": "en",
    "updated": 0
  },
  {
    "id": "2c0ee407-281d-46ab-b1f4-7ee6837f5967",
    "data": [
      {
        "text": "what does your company ",
        "userDefined": false
      },
      {
        "text": "create",
        "userDefined": false
      }
    ],
    "isTemplate": false,
    "count": 0,
    "lang": "en",
    "updated": 0
  },
  {
    "id": "9bc8fe44-369d-491e-b95d-c463fdd43ac1",
    "data": [
      {
        "text": "what does your company ",
        "userDefined": false
      },
      {
        "text": "team",
        "userDefined": false
      },
      {
        "text": " ",
        "userDefined": false
      },
      {
        "text": "work",
        "userDefined": false
      },
      {
        "text": " at",
        "userDefined": false
      }
    ],
    "isTemplate": false,
    "count": 1,
    "lang": "en",
    "updated": 0
  },
  {
    "id": "eca697b6-ca84-4b49-902f-a4d99ef82a1d",
    "data": [
      {
        "text": "I",
        "userDefined": false
      },
      {
        "text": " need ",
        "userDefined": false
      },
      {
        "text": "to",
        "userDefined": false
      },
      {
        "text": " know ",
        "userDefined": false
      },
      {
        "text": "more",
        "userDefined": false
      },
      {
        "text": " ",
        "userDefined": false
      },
      {
        "text": "about",
        "userDefined": false
      },
      {
        "text": " developers ",
        "userDefined": false
      },
      {
        "text": "in",
        "userDefined": false
      },
      {
        "text": " your company",
        "userDefined": false
      }
    ],
    "isTemplate": false,
    "count": 0,
    "lang": "en",
    "updated": 0
  },
  {
    "id": "3fd9f82b-7d21-4b47-98bb-cb095bdb4c1c",
    "data": [
      {
        "text": "does your company have ",
        "userDefined": false
      },
      {
        "text": "more",
        "userDefined": false
      },
      {
        "text": " ",
        "userDefined": false
      },
      {
        "text": "apps",
        "userDefined": false
      }
    ],
    "isTemplate": false,
    "count": 0,
    "lang": "en",
    "updated": 0
  },
  {
    "id": "0fcc2ce9-cc4e-4dac-890f-eeea488bdcaa",
    "data": [
      {
        "text": "tell",
        "userDefined": false
      },
      {
        "text": " ",
        "userDefined": false
      },
      {
        "text": "me",
        "userDefined": false
      },
      {
        "text": " ",
        "userDefined": false
      },
      {
        "text": "more",
        "userDefined": false
      },
      {
        "text": " ",
        "userDefined": false
      },
      {
        "text": "about",
        "userDefined": false
      },
      {
        "text": " your developers at your company",
        "userDefined": false
      }
    ],
    "isTemplate": false,
    "count": 0,
    "lang": "en",
    "updated": 0
  },
  {
    "id": "c4eb05c7-604e-4c06-8566-e66d7ccce85e",
    "data": [
      {
        "text": "do",
        "userDefined": false
      },
      {
        "text": " your developers have ",
        "userDefined": false
      },
      {
        "text": "more",
        "userDefined": false
      },
      {
        "text": " ",
        "userDefined": false
      },
      {
        "text": "apps",
        "userDefined": false
      }
    ],
    "isTemplate": false,
    "count": 0,
    "lang": "en",
    "updated": 0
  },
  {
    "id": "cd707eb7-195e-4d94-a887-cb663b9a179d",
    "data": [
      {
        "text": "tell me about ",
        "userDefined": false
      },
      {
        "text": "your",
        "userDefined": false
      },
      {
        "text": " developers",
        "userDefined": false
      }
    ],
    "isTemplate": false,
    "count": 0,
    "lang": "en",
    "updated": 0
  }
]