[
  {
    "id": "5de22901-4595-4e96-bfe2-d42fe8b0ffb2",
    "data": [
      {
        "text": "還需要電話號碼",
        "userDefined": false
      }
    ],
    "isTemplate": false,
    "count": 0,
    "lang": "zh-hk",
    "updated": 0
  },
  {
    "id": "b019a638-ff0d-4475-b4da-2b5d32b662fe",
    "data": [
      {
        "text": "關于電話號碼",
        "userDefined": false
      }
    ],
    "isTemplate": false,
    "count": 0,
    "lang": "zh-hk",
    "updated": 0
  },
  {
    "id": "ffc69022-b2f9-4028-ad86-d5a624059098",
    "data": [
      {
        "text": "電話",
        "userDefined": false
      }
    ],
    "isTemplate": false,
    "count": 0,
    "lang": "zh-hk",
    "updated": 0
  },
  {
    "id": "0bc593e7-2f57-46b7-8bda-1bb56fbb20dd",
    "data": [
      {
        "text": "還能不能電話號碼",
        "userDefined": false
      }
    ],
    "isTemplate": false,
    "count": 0,
    "lang": "zh-hk",
    "updated": 0
  },
  {
    "id": "3116744c-ec5c-4fc3-bc53-8f1d848956e7",
    "data": [
      {
        "text": "還要電話號碼",
        "userDefined": false
      }
    ],
    "isTemplate": false,
    "count": 0,
    "lang": "zh-hk",
    "updated": 0
  },
  {
    "id": "11ccb946-250f-4fbe-b0e7-28edfc78e3d4",
    "data": [
      {
        "text": "會不會電話號碼",
        "userDefined": false
      }
    ],
    "isTemplate": false,
    "count": 0,
    "lang": "zh-hk",
    "updated": 0
  },
  {
    "id": "6f5fb467-99e7-4075-adee-b70465639e54",
    "data": [
      {
        "text": "我還很想電話號碼",
        "userDefined": false
      }
    ],
    "isTemplate": false,
    "count": 0,
    "lang": "zh-hk",
    "updated": 0
  },
  {
    "id": "0450b7ba-2fbf-47e6-a87e-cb4155f071d6",
    "data": [
      {
        "text": "怎麽能電話號碼",
        "userDefined": false
      }
    ],
    "isTemplate": false,
    "count": 0,
    "lang": "zh-hk",
    "updated": 0
  },
  {
    "id": "0e557fce-d2ab-4227-adfd-9deadc81c511",
    "data": [
      {
        "text": "我還要電話號碼",
        "userDefined": false
      }
    ],
    "isTemplate": false,
    "count": 0,
    "lang": "zh-hk",
    "updated": 0
  },
  {
    "id": "be4a44b9-ce59-43e8-9967-d70cfd932f11",
    "data": [
      {
        "text": "他們",
        "userDefined": false
      },
      {
        "text": "的",
        "userDefined": false
      },
      {
        "text": "電話",
        "userDefined": false
      }
    ],
    "isTemplate": false,
    "count": 0,
    "lang": "zh-hk",
    "updated": 0
  },
  {
    "id": "0c517f8b-345b-4ef8-bac5-475825dcf900",
    "data": [
      {
        "text": "能不能電話號碼",
        "userDefined": false
      }
    ],
    "isTemplate": false,
    "count": 0,
    "lang": "zh-hk",
    "updated": 0
  },
  {
    "id": "d550be20-36f1-4b0e-9491-bdcb07713cbf",
    "data": [
      {
        "text": "現在電話號碼",
        "userDefined": false
      }
    ],
    "isTemplate": false,
    "count": 0,
    "lang": "zh-hk",
    "updated": 0
  }
]