[
  {
    "id": "7ea59f48-c458-433e-90df-42137706f412",
    "data": [
      {
        "text": "como posso aceder ao seu Website",
        "userDefined": false
      }
    ],
    "isTemplate": false,
    "count": 0,
    "lang": "pt",
    "updated": 0
  },
  {
    "id": "131aa517-357f-4810-8ff0-e5ac2ac0515d",
    "data": [
      {
        "text": "tem um Website",
        "userDefined": false
      }
    ],
    "isTemplate": false,
    "count": 0,
    "lang": "pt",
    "updated": 0
  },
  {
    "id": "e87a9523-b46b-416f-8b93-7c5901a1ec08",
    "data": [
      {
        "text": "mostre-me o seu Website",
        "userDefined": false
      }
    ],
    "isTemplate": false,
    "count": 0,
    "lang": "pt",
    "updated": 0
  },
  {
    "id": "e72dc335-34de-43bf-b789-69ca95168870",
    "data": [
      {
        "text": "abra o site da sua empresa",
        "userDefined": false
      }
    ],
    "isTemplate": false,
    "count": 0,
    "lang": "pt",
    "updated": 0
  },
  {
    "id": "ea159a52-8bf9-4efb-8088-e89842c1fe06",
    "data": [
      {
        "text": "onde está o seu Website",
        "userDefined": false
      }
    ],
    "isTemplate": false,
    "count": 0,
    "lang": "pt",
    "updated": 0
  },
  {
    "id": "1fe9a8bc-60d2-4bad-bc8b-94fb3f25ea56",
    "data": [
      {
        "text": "abra o seu site",
        "userDefined": false
      }
    ],
    "isTemplate": false,
    "count": 0,
    "lang": "pt",
    "updated": 0
  },
  {
    "id": "bd5bccd7-51da-481a-af0d-2a901caa25a0",
    "data": [
      {
        "text": "o seu Website",
        "userDefined": false
      }
    ],
    "isTemplate": false,
    "count": 0,
    "lang": "pt",
    "updated": 0
  },
  {
    "id": "2df31c24-d146-4b72-82a6-9a02a8e82269",
    "data": [
      {
        "text": "mostre-me o Website dos seus programadores",
        "userDefined": false
      }
    ],
    "isTemplate": false,
    "count": 0,
    "lang": "pt",
    "updated": 0
  },
  {
    "id": "8bc8d195-a0b6-4c05-a333-92a45ffcdd0f",
    "data": [
      {
        "text": "forneça-me o seu Website",
        "userDefined": false
      }
    ],
    "isTemplate": false,
    "count": 0,
    "lang": "pt",
    "updated": 0
  },
  {
    "id": "e015ea3e-8ec8-4dd8-8940-7fa33055dfb3",
    "data": [
      {
        "text": "pode abrir o seu Website",
        "userDefined": false
      }
    ],
    "isTemplate": false,
    "count": 0,
    "lang": "pt",
    "updated": 0
  }
]