[
  {
    "id": "eace979e-c42b-4d6f-bf94-7851e0a86c37",
    "data": [
      {
        "text": "关于你的",
        "userDefined": false
      },
      {
        "text": "推特",
        "meta": "@media",
        "alias": "media",
        "userDefined": false
      }
    ],
    "isTemplate": false,
    "count": 0,
    "lang": "zh-cn",
    "updated": 0
  },
  {
    "id": "907df573-3a5c-44f0-9c97-a21ce565a3d4",
    "data": [
      {
        "text": "能不能给我看你的",
        "userDefined": false
      },
      {
        "text": "街旁",
        "meta": "@media",
        "alias": "media",
        "userDefined": false
      }
    ],
    "isTemplate": false,
    "count": 0,
    "lang": "zh-cn",
    "updated": 0
  },
  {
    "id": "df0e6e5d-24f8-4486-8c50-2f9672985c3e",
    "data": [
      {
        "text": "怎么能给我看你的",
        "userDefined": false
      },
      {
        "text": "丁香园",
        "meta": "@media",
        "alias": "media",
        "userDefined": false
      }
    ],
    "isTemplate": false,
    "count": 0,
    "lang": "zh-cn",
    "updated": 0
  },
  {
    "id": "6a7089f6-4f82-4927-9b68-50259325b3ce",
    "data": [
      {
        "text": "你",
        "userDefined": false
      },
      {
        "text": "的",
        "userDefined": false
      },
      {
        "text": "脸书",
        "meta": "@media",
        "alias": "media",
        "userDefined": true
      }
    ],
    "isTemplate": false,
    "count": 0,
    "lang": "zh-cn",
    "updated": 0
  },
  {
    "id": "f7557b1a-1247-47e0-bc93-0d436aa02598",
    "data": [
      {
        "text": "还要你的",
        "userDefined": false
      },
      {
        "text": "微博",
        "meta": "@media",
        "alias": "media",
        "userDefined": false
      }
    ],
    "isTemplate": false,
    "count": 0,
    "lang": "zh-cn",
    "updated": 0
  },
  {
    "id": "d05efbbe-231e-4360-a753-b8ad7fdb253a",
    "data": [
      {
        "text": "还能不能给我看你的",
        "userDefined": false
      },
      {
        "text": "开心网",
        "meta": "@media",
        "alias": "media",
        "userDefined": false
      }
    ],
    "isTemplate": false,
    "count": 0,
    "lang": "zh-cn",
    "updated": 0
  },
  {
    "id": "b3fd1d78-a998-4ed5-bb07-a715ffa5f0e7",
    "data": [
      {
        "text": "会不会给我看你的",
        "userDefined": false
      },
      {
        "text": "豆瓣",
        "meta": "@media",
        "alias": "media",
        "userDefined": false
      }
    ],
    "isTemplate": false,
    "count": 0,
    "lang": "zh-cn",
    "updated": 0
  },
  {
    "id": "65b0b80b-bbb4-4439-988a-dd262bbed34c",
    "data": [
      {
        "text": "我还要你的",
        "userDefined": false
      },
      {
        "text": "instagram",
        "meta": "@media",
        "alias": "media",
        "userDefined": false
      }
    ],
    "isTemplate": false,
    "count": 0,
    "lang": "zh-cn",
    "updated": 0
  },
  {
    "id": "72a375b3-c857-432c-a593-4b96e27f2999",
    "data": [
      {
        "text": "我还很想看你的",
        "userDefined": false
      },
      {
        "text": "新浪微博",
        "meta": "@media",
        "alias": "media",
        "userDefined": false
      }
    ],
    "isTemplate": false,
    "count": 0,
    "lang": "zh-cn",
    "updated": 0
  },
  {
    "id": "7936ffcd-bd92-40be-8079-1914470faab2",
    "data": [
      {
        "text": "你的",
        "userDefined": false
      },
      {
        "text": "推特",
        "meta": "@media",
        "alias": "media",
        "userDefined": true
      }
    ],
    "isTemplate": false,
    "count": 0,
    "lang": "zh-cn",
    "updated": 0
  },
  {
    "id": "d4a3bd00-6fc8-4920-a023-781853ca65f3",
    "data": [
      {
        "text": "现在你的",
        "userDefined": false
      },
      {
        "text": "脸书",
        "meta": "@media",
        "alias": "media",
        "userDefined": false
      }
    ],
    "isTemplate": false,
    "count": 0,
    "lang": "zh-cn",
    "updated": 0
  }
]