[
  {
    "id": "b9f95a44-a621-42fb-98df-9896d5c232d3",
    "data": [
      {
        "text": "dove vivono i tuoi creatori",
        "userDefined": false
      }
    ],
    "isTemplate": false,
    "count": 0,
    "lang": "it",
    "updated": 0
  },
  {
    "id": "bae69823-8b87-4805-ab1a-e6f4b60f2a59",
    "data": [
      {
        "text": "l\u0027indirizzo dei tuoi creatori",
        "userDefined": false
      }
    ],
    "isTemplate": false,
    "count": 0,
    "lang": "it",
    "updated": 0
  },
  {
    "id": "d4d87a35-3a39-443d-873a-ad6d673e8fa2",
    "data": [
      {
        "text": "dove vivono i tuoi sviluppatori",
        "userDefined": false
      }
    ],
    "isTemplate": false,
    "count": 0,
    "lang": "it",
    "updated": 0
  },
  {
    "id": "ebcc0af9-1504-4aef-ad27-f1df50f8a096",
    "data": [
      {
        "text": "di dove sono i tuoi sviluppatori",
        "userDefined": false
      }
    ],
    "isTemplate": false,
    "count": 0,
    "lang": "it",
    "updated": 0
  },
  {
    "id": "400b701a-340c-46f6-92fc-4cc5011605ef",
    "data": [
      {
        "text": "di dove sono i tuoi creatori",
        "userDefined": false
      }
    ],
    "isTemplate": false,
    "count": 0,
    "lang": "it",
    "updated": 0
  },
  {
    "id": "b14e5348-ad74-43d9-937f-7f69f830caa7",
    "data": [
      {
        "text": "di dove sono i tuoi developer",
        "userDefined": false
      }
    ],
    "isTemplate": false,
    "count": 0,
    "lang": "it",
    "updated": 0
  },
  {
    "id": "6190414e-abe9-4539-83e9-c7f9af30b3cb",
    "data": [
      {
        "text": "indirizzo dei tuoi developer",
        "userDefined": false
      }
    ],
    "isTemplate": false,
    "count": 0,
    "lang": "it",
    "updated": 0
  },
  {
    "id": "d9ae6d03-e9b2-4cfa-a426-f2d2f2b78959",
    "data": [
      {
        "text": "l\u0027indirizzo dei tuoi sviluppatori",
        "userDefined": false
      }
    ],
    "isTemplate": false,
    "count": 0,
    "lang": "it",
    "updated": 0
  }
]