[
  {
    "id": "7d7b5549-fbda-4ec7-b493-5f1bea7ac497",
    "data": [
      {
        "text": "et le site aussi",
        "userDefined": false
      }
    ],
    "isTemplate": false,
    "count": 1,
    "lang": "fr",
    "updated": 0
  },
  {
    "id": "f81023c6-fc81-417e-9549-9c18dcef0cc4",
    "data": [
      {
        "text": "le site web également",
        "userDefined": false
      }
    ],
    "isTemplate": false,
    "count": 0,
    "lang": "fr",
    "updated": 0
  },
  {
    "id": "9029babf-958d-4e93-8219-1a7e09a195f6",
    "data": [
      {
        "text": "et ton site web s\u0027il te plaît",
        "userDefined": false
      }
    ],
    "isTemplate": false,
    "count": 0,
    "lang": "fr",
    "updated": 0
  },
  {
    "id": "81a0bbf1-3292-4189-8e9b-607ed2ef3d9e",
    "data": [
      {
        "text": "maintenant ton site web",
        "userDefined": false
      }
    ],
    "isTemplate": false,
    "count": 0,
    "lang": "fr",
    "updated": 0
  },
  {
    "id": "9b9d40ac-52e0-47e6-a971-15cd07c3df69",
    "data": [
      {
        "text": "ton site",
        "userDefined": false
      }
    ],
    "isTemplate": false,
    "count": 0,
    "lang": "fr",
    "updated": 0
  },
  {
    "id": "cd1fe5cd-7002-42d8-b92f-6c7a682eb59b",
    "data": [
      {
        "text": "et ta page web",
        "userDefined": false
      }
    ],
    "isTemplate": false,
    "count": 0,
    "lang": "fr",
    "updated": 0
  },
  {
    "id": "f13673ef-d1a6-47f2-abe4-fa9863ea51a5",
    "data": [
      {
        "text": "le site",
        "userDefined": false
      }
    ],
    "isTemplate": false,
    "count": 0,
    "lang": "fr",
    "updated": 0
  },
  {
    "id": "cf333998-40b0-4dc8-9407-39d1b34f8284",
    "data": [
      {
        "text": "maintenant le site web",
        "userDefined": false
      }
    ],
    "isTemplate": false,
    "count": 0,
    "lang": "fr",
    "updated": 0
  },
  {
    "id": "3ac4370a-1198-4c0e-9e31-ec0884eb7ec0",
    "data": [
      {
        "text": "et",
        "userDefined": false
      },
      {
        "text": " leur site web",
        "userDefined": false
      }
    ],
    "isTemplate": false,
    "count": 0,
    "lang": "fr",
    "updated": 0
  },
  {
    "id": "bd9065f1-8dda-4813-8be7-1d3f2474fd04",
    "data": [
      {
        "text": "le site web",
        "userDefined": false
      }
    ],
    "isTemplate": false,
    "count": 0,
    "lang": "fr",
    "updated": 0
  }
]