[
  {
    "id": "2060a97b-41b0-4dbc-8506-ff5eee82ae22",
    "data": [
      {
        "text": "phone too",
        "userDefined": false
      }
    ],
    "isTemplate": false,
    "count": 0,
    "lang": "en",
    "updated": 0
  },
  {
    "id": "99f03da4-d4b5-4ea2-a255-f9b5eb553760",
    "data": [
      {
        "text": "what about ",
        "userDefined": false
      },
      {
        "text": "contact",
        "userDefined": false
      },
      {
        "text": " number",
        "userDefined": false
      }
    ],
    "isTemplate": false,
    "count": 0,
    "lang": "en",
    "updated": 0
  },
  {
    "id": "1171f8bb-2f1d-4e21-8176-aebc52e44cd4",
    "data": [
      {
        "text": "how to make a phone call",
        "userDefined": false
      }
    ],
    "isTemplate": false,
    "count": 0,
    "lang": "en",
    "updated": 0
  },
  {
    "id": "ed0998a2-d26d-4eb8-8e1f-f7072a69bfb9",
    "data": [
      {
        "text": "what ",
        "userDefined": false
      },
      {
        "text": "about",
        "userDefined": false
      },
      {
        "text": " his ",
        "userDefined": false
      },
      {
        "text": "phone",
        "userDefined": false
      }
    ],
    "isTemplate": false,
    "count": 0,
    "lang": "en",
    "updated": 0
  },
  {
    "id": "da0a178b-9ad3-46bd-b909-bfd6c7fb2378",
    "data": [
      {
        "text": "and ",
        "userDefined": false
      },
      {
        "text": "contact",
        "userDefined": false
      },
      {
        "text": " number",
        "userDefined": false
      }
    ],
    "isTemplate": false,
    "count": 0,
    "lang": "en",
    "updated": 0
  },
  {
    "id": "636e5c9e-e994-41dc-9426-edd88596a468",
    "data": [
      {
        "text": "what about phone number",
        "userDefined": false
      }
    ],
    "isTemplate": false,
    "count": 0,
    "lang": "en",
    "updated": 0
  },
  {
    "id": "ba8c4124-d66c-4743-a5ad-6d135da125fa",
    "data": [
      {
        "text": "and their phone",
        "userDefined": false
      }
    ],
    "isTemplate": false,
    "count": 0,
    "lang": "en",
    "updated": 0
  },
  {
    "id": "ef3a25d0-385f-404d-a11c-9dce48491e37",
    "data": [
      {
        "text": "and ",
        "userDefined": false
      },
      {
        "text": "phone",
        "userDefined": false
      }
    ],
    "isTemplate": false,
    "count": 0,
    "lang": "en",
    "updated": 0
  },
  {
    "id": "b4daef11-074f-4433-a379-dfcdd4b41852",
    "data": [
      {
        "text": "her",
        "userDefined": false
      },
      {
        "text": " ",
        "userDefined": false
      },
      {
        "text": "number",
        "userDefined": false
      }
    ],
    "isTemplate": false,
    "count": 0,
    "lang": "en",
    "updated": 0
  },
  {
    "id": "eb111541-b1b5-4e56-a756-b565efe2f131",
    "data": [
      {
        "text": "I need their phone too",
        "userDefined": false
      }
    ],
    "isTemplate": false,
    "count": 0,
    "lang": "en",
    "updated": 0
  },
  {
    "id": "0cae7355-8efc-4a97-9bc3-13aab1792c17",
    "data": [
      {
        "text": "now their phone",
        "userDefined": false
      }
    ],
    "isTemplate": false,
    "count": 0,
    "lang": "en",
    "updated": 0
  },
  {
    "id": "a78c9768-2daf-4678-8934-d0ae0b6899f1",
    "data": [
      {
        "text": "phone number too",
        "userDefined": false
      }
    ],
    "isTemplate": false,
    "count": 0,
    "lang": "en",
    "updated": 0
  },
  {
    "id": "4f7c1725-ecd6-4c87-9388-51332ff6fa1a",
    "data": [
      {
        "text": "can I call ",
        "userDefined": false
      },
      {
        "text": "them",
        "userDefined": false
      }
    ],
    "isTemplate": false,
    "count": 0,
    "lang": "en",
    "updated": 0
  }
]