[
  {
    "id": "a8084358-32ef-4d2d-9a21-78aa3b5ebef9",
    "data": [
      {
        "text": "tu as ",
        "userDefined": false
      },
      {
        "text": "un",
        "userDefined": false
      },
      {
        "text": " site",
        "userDefined": false
      }
    ],
    "isTemplate": false,
    "count": 0,
    "lang": "fr",
    "updated": 0
  },
  {
    "id": "db1d96c6-241e-45f8-9f2f-2fed69f581b9",
    "data": [
      {
        "text": "dis-moi si tu as ",
        "userDefined": false
      },
      {
        "text": "un",
        "userDefined": false
      },
      {
        "text": " site web",
        "userDefined": false
      }
    ],
    "isTemplate": false,
    "count": 0,
    "lang": "fr",
    "updated": 0
  },
  {
    "id": "bb8ebdb4-98c1-4173-a514-a83a3e224928",
    "data": [
      {
        "text": "où est ton site web",
        "userDefined": false
      }
    ],
    "isTemplate": false,
    "count": 0,
    "lang": "fr",
    "updated": 0
  },
  {
    "id": "3127c414-5699-4bcf-855c-7c9eda173c61",
    "data": [
      {
        "text": "tes créateurs ont-ils ",
        "userDefined": false
      },
      {
        "text": "un",
        "userDefined": false
      },
      {
        "text": " site web",
        "userDefined": false
      }
    ],
    "isTemplate": false,
    "count": 0,
    "lang": "fr",
    "updated": 0
  },
  {
    "id": "9b7fbfce-99c8-4d73-8aa5-6bcebd373db1",
    "data": [
      {
        "text": "montre ton site web",
        "userDefined": false
      }
    ],
    "isTemplate": false,
    "count": 0,
    "lang": "fr",
    "updated": 0
  },
  {
    "id": "21b0594c-a0de-478b-b380-2a8d25f49171",
    "data": [
      {
        "text": "y a-t-il ",
        "userDefined": false
      },
      {
        "text": "un",
        "userDefined": false
      },
      {
        "text": " site web de tes developpeurs",
        "userDefined": false
      }
    ],
    "isTemplate": false,
    "count": 0,
    "lang": "fr",
    "updated": 0
  },
  {
    "id": "19888bb1-ebcf-457f-8a0a-664851c7a31b",
    "data": [
      {
        "text": "affiche ton site",
        "userDefined": false
      }
    ],
    "isTemplate": false,
    "count": 0,
    "lang": "fr",
    "updated": 0
  },
  {
    "id": "61923c1f-935d-45f0-a478-ace869d5199a",
    "data": [
      {
        "text": "ton site web",
        "userDefined": false
      }
    ],
    "isTemplate": false,
    "count": 0,
    "lang": "fr",
    "updated": 0
  },
  {
    "id": "b8723016-e534-4bc3-a7cc-6d7a6bc1d4fa",
    "data": [
      {
        "text": "as-tu ",
        "userDefined": false
      },
      {
        "text": "un",
        "userDefined": false
      },
      {
        "text": " site web",
        "userDefined": false
      }
    ],
    "isTemplate": false,
    "count": 0,
    "lang": "fr",
    "updated": 0
  },
  {
    "id": "2532651b-7e82-413d-86be-53d8d500a242",
    "data": [
      {
        "text": "est-ce que tu as ",
        "userDefined": false
      },
      {
        "text": "un",
        "userDefined": false
      },
      {
        "text": " site web",
        "userDefined": false
      }
    ],
    "isTemplate": false,
    "count": 0,
    "lang": "fr",
    "updated": 0
  },
  {
    "id": "0c6d0f73-c9fe-4b3d-af6b-54d16079bff8",
    "data": [
      {
        "text": "est-ce que tes créateurs ont ",
        "userDefined": false
      },
      {
        "text": "un",
        "userDefined": false
      },
      {
        "text": " site web",
        "userDefined": false
      }
    ],
    "isTemplate": false,
    "count": 0,
    "lang": "fr",
    "updated": 0
  }
]