[
  {
    "id": "fb50824e-269c-43ce-8346-122a93090831",
    "data": [
      {
        "text": "quisiera escribir un correo a tus desarrolladores",
        "userDefined": false
      }
    ],
    "isTemplate": false,
    "count": 0,
    "lang": "es",
    "updated": 0
  },
  {
    "id": "506eb785-edf2-4434-9feb-a5044b88c39e",
    "data": [
      {
        "text": "dame el contacto de correo de tus diseñadores",
        "userDefined": false
      }
    ],
    "isTemplate": false,
    "count": 0,
    "lang": "es",
    "updated": 0
  },
  {
    "id": "1158346a-738c-4d55-88d1-76a6f6bc2a19",
    "data": [
      {
        "text": "quiero ponerme en contacto con tus creadores por correo electrónico",
        "userDefined": false
      }
    ],
    "isTemplate": false,
    "count": 0,
    "lang": "es",
    "updated": 0
  },
  {
    "id": "fdbaa296-48cb-4164-a733-90e806fda9c2",
    "data": [
      {
        "text": "ponme en contacto con tus creadores por correo electrónico",
        "userDefined": false
      }
    ],
    "isTemplate": false,
    "count": 0,
    "lang": "es",
    "updated": 0
  },
  {
    "id": "f3e7ce57-ce84-4a3e-b5a7-05b495ea5b4d",
    "data": [
      {
        "text": "dime el correo de tus creadores",
        "userDefined": false
      }
    ],
    "isTemplate": false,
    "count": 0,
    "lang": "es",
    "updated": 0
  },
  {
    "id": "465ece4c-008f-47fe-beed-91134570af57",
    "data": [
      {
        "text": "dame la dirección de correo de tus desarrolladores",
        "userDefined": false
      }
    ],
    "isTemplate": false,
    "count": 0,
    "lang": "es",
    "updated": 0
  },
  {
    "id": "a51c1f39-9db3-4e92-be36-ce2117b9d462",
    "data": [
      {
        "text": "cuál es el correo electrónico de tus creadores",
        "userDefined": false
      }
    ],
    "isTemplate": false,
    "count": 0,
    "lang": "es",
    "updated": 0
  },
  {
    "id": "4a72c811-fc2b-472d-b523-f4064d6bad0f",
    "data": [
      {
        "text": "necesito la dirección de correo de tus creadores",
        "userDefined": false
      }
    ],
    "isTemplate": false,
    "count": 0,
    "lang": "es",
    "updated": 0
  },
  {
    "id": "438c7781-ed9e-452e-8f9f-7f0a0c36ddf2",
    "data": [
      {
        "text": "necesito contactar a tus creadores por correo electrónico",
        "userDefined": false
      }
    ],
    "isTemplate": false,
    "count": 0,
    "lang": "es",
    "updated": 0
  }
]