[
  {
    "id": "9d7c4637-f064-4a12-8811-05ad81694ade",
    "data": [
      {
        "text": "você está no ",
        "userDefined": false
      },
      {
        "text": "Twitter",
        "meta": "@media",
        "alias": "media",
        "userDefined": true
      }
    ],
    "isTemplate": false,
    "count": 0,
    "lang": "pt-br",
    "updated": 0
  },
  {
    "id": "8641474a-8d50-4c64-8ff5-26c4374d465f",
    "data": [
      {
        "text": "quero visitar seu ",
        "userDefined": false
      },
      {
        "text": "Instagram",
        "meta": "@media",
        "alias": "media",
        "userDefined": true
      }
    ],
    "isTemplate": false,
    "count": 0,
    "lang": "pt-br",
    "updated": 0
  },
  {
    "id": "2ef6d215-c9c9-4df1-b80c-7a3182998979",
    "data": [
      {
        "text": "fale sua rede social",
        "userDefined": false
      }
    ],
    "isTemplate": false,
    "count": 0,
    "lang": "pt-br",
    "updated": 0
  },
  {
    "id": "b1c00e8d-3bca-41e5-8e69-230fc39ad743",
    "data": [
      {
        "text": "qual é sua página do ",
        "userDefined": false
      },
      {
        "text": "Facebook",
        "meta": "@media",
        "alias": "media",
        "userDefined": true
      }
    ],
    "isTemplate": false,
    "count": 0,
    "lang": "pt-br",
    "updated": 0
  },
  {
    "id": "ef787cd0-bfcb-4719-932f-c9bf5859f771",
    "data": [
      {
        "text": "onde está sua página do ",
        "userDefined": false
      },
      {
        "text": "Facebook",
        "meta": "@media",
        "alias": "media",
        "userDefined": true
      }
    ],
    "isTemplate": false,
    "count": 0,
    "lang": "pt-br",
    "updated": 0
  },
  {
    "id": "8a8ac932-736a-4e5b-bb31-c19659d04aa0",
    "data": [
      {
        "text": "você tem conta no ",
        "userDefined": false
      },
      {
        "text": "Instagram",
        "meta": "@media",
        "alias": "media",
        "userDefined": true
      }
    ],
    "isTemplate": false,
    "count": 0,
    "lang": "pt-br",
    "updated": 0
  },
  {
    "id": "fa883cf0-bebd-4241-a970-ca170bffdaf6",
    "data": [
      {
        "text": "você tem uma página do ",
        "userDefined": false
      },
      {
        "text": "Facebook",
        "meta": "@media",
        "alias": "media",
        "userDefined": true
      }
    ],
    "isTemplate": false,
    "count": 0,
    "lang": "pt-br",
    "updated": 0
  },
  {
    "id": "eb61ba32-af33-4804-aa5e-2ee1fef8ec54",
    "data": [
      {
        "text": "você tem uma conta no ",
        "userDefined": false
      },
      {
        "text": "Instagram",
        "meta": "@media",
        "alias": "media",
        "userDefined": true
      }
    ],
    "isTemplate": false,
    "count": 0,
    "lang": "pt-br",
    "updated": 0
  },
  {
    "id": "c5844cb0-51a3-4f33-9936-9eb4ad71b6da",
    "data": [
      {
        "text": "qual é sua página no ",
        "userDefined": false
      },
      {
        "text": "Facebook",
        "meta": "@media",
        "alias": "media",
        "userDefined": true
      }
    ],
    "isTemplate": false,
    "count": 0,
    "lang": "pt-br",
    "updated": 0
  },
  {
    "id": "b3854996-e8b2-4e73-a3df-50df9888c54e",
    "data": [
      {
        "text": "abra sua página do ",
        "userDefined": false
      },
      {
        "text": "Facebook",
        "meta": "@media",
        "alias": "media",
        "userDefined": true
      }
    ],
    "isTemplate": false,
    "count": 0,
    "lang": "pt-br",
    "updated": 0
  },
  {
    "id": "e344f1d3-94a3-4da3-8d7f-4072a5fd85f4",
    "data": [
      {
        "text": "mostre sua página no ",
        "userDefined": false
      },
      {
        "text": "Twitter",
        "meta": "@media",
        "alias": "media",
        "userDefined": true
      }
    ],
    "isTemplate": false,
    "count": 0,
    "lang": "pt-br",
    "updated": 0
  },
  {
    "id": "5aa99124-2f6d-411f-a202-75a6c64fe292",
    "data": [
      {
        "text": "seu ",
        "userDefined": false
      },
      {
        "text": "Twitter",
        "meta": "@media",
        "alias": "media",
        "userDefined": true
      }
    ],
    "isTemplate": false,
    "count": 0,
    "lang": "pt-br",
    "updated": 0
  }
]