[
  {
    "id": "4a792cea-b714-4d53-b02e-a9cb63fde5ab",
    "data": [
      {
        "text": "你有自己的網站嗎",
        "userDefined": false
      }
    ],
    "isTemplate": false,
    "count": 0,
    "lang": "zh-hk",
    "updated": 0
  },
  {
    "id": "ed0a7405-07fd-43f4-998b-90b26656ca66",
    "data": [
      {
        "text": "你的開發者的網站",
        "userDefined": false
      }
    ],
    "isTemplate": false,
    "count": 0,
    "lang": "zh-hk",
    "updated": 0
  },
  {
    "id": "2d2de4f4-a43d-42ad-8cff-1f677e4e32ee",
    "data": [
      {
        "text": "如何訪問你的網站",
        "userDefined": false
      }
    ],
    "isTemplate": false,
    "count": 0,
    "lang": "zh-hk",
    "updated": 0
  },
  {
    "id": "6b759643-dc6f-4e02-b72d-1693753bf357",
    "data": [
      {
        "text": "給我看你的網站",
        "userDefined": false
      }
    ],
    "isTemplate": false,
    "count": 0,
    "lang": "zh-hk",
    "updated": 0
  },
  {
    "id": "4f5bca72-47e6-4213-9c0b-7a171007a185",
    "data": [
      {
        "text": "請顯示你的開發者網站",
        "userDefined": false
      }
    ],
    "isTemplate": false,
    "count": 0,
    "lang": "zh-hk",
    "updated": 0
  },
  {
    "id": "6af86a92-7bd5-4615-bebc-62891c2b754f",
    "data": [
      {
        "text": "爲我打開你的網站",
        "userDefined": false
      }
    ],
    "isTemplate": false,
    "count": 0,
    "lang": "zh-hk",
    "updated": 0
  },
  {
    "id": "5b7b0cd7-de73-43fe-bb2b-91d899eb382b",
    "data": [
      {
        "text": "你的網站在哪裏",
        "userDefined": false
      }
    ],
    "isTemplate": false,
    "count": 0,
    "lang": "zh-hk",
    "updated": 0
  },
  {
    "id": "ae549f1e-f271-471d-a799-12fc95370862",
    "data": [
      {
        "text": "你有網站嗎",
        "userDefined": false
      }
    ],
    "isTemplate": false,
    "count": 0,
    "lang": "zh-hk",
    "updated": 0
  },
  {
    "id": "51a92530-f7cf-4cf9-bd78-10ce4dc3adcb",
    "data": [
      {
        "text": "你能打開你的網站嗎",
        "userDefined": false
      }
    ],
    "isTemplate": false,
    "count": 0,
    "lang": "zh-hk",
    "updated": 0
  },
  {
    "id": "c0a540de-4835-46a0-b294-742c0e35ed2c",
    "data": [
      {
        "text": "你",
        "userDefined": false
      },
      {
        "text": "的",
        "userDefined": false
      },
      {
        "text": "網",
        "userDefined": false
      },
      {
        "text": "站",
        "userDefined": false
      }
    ],
    "isTemplate": false,
    "count": 0,
    "lang": "zh-hk",
    "updated": 0
  },
  {
    "id": "404d66f9-632b-4505-9ac5-c982353c0ef4",
    "data": [
      {
        "text": "你的網頁",
        "userDefined": false
      }
    ],
    "isTemplate": false,
    "count": 0,
    "lang": "zh-hk",
    "updated": 0
  },
  {
    "id": "489e3fdf-59df-46af-8aa5-991935c8f9a3",
    "data": [
      {
        "text": "找到你的網站",
        "userDefined": false
      }
    ],
    "isTemplate": false,
    "count": 0,
    "lang": "zh-hk",
    "updated": 0
  },
  {
    "id": "f4ac1a27-d0e8-4526-8050-b66277b2f83e",
    "data": [
      {
        "text": "你的開發者有網站嗎",
        "userDefined": false
      }
    ],
    "isTemplate": false,
    "count": 0,
    "lang": "zh-hk",
    "updated": 0
  },
  {
    "id": "8208e686-1ced-475c-a83b-004324b6ed73",
    "data": [
      {
        "text": "你",
        "userDefined": false
      },
      {
        "text": "的",
        "userDefined": false
      },
      {
        "text": "網絡",
        "userDefined": false
      }
    ],
    "isTemplate": false,
    "count": 0,
    "lang": "zh-hk",
    "updated": 0
  },
  {
    "id": "72181423-e636-4a36-a92c-da3e9abc4260",
    "data": [
      {
        "text": "打開你公司的網站",
        "userDefined": false
      }
    ],
    "isTemplate": false,
    "count": 0,
    "lang": "zh-hk",
    "updated": 0
  }
]