[
  {
    "id": "8cfee38c-de90-46e2-ad7e-39b686337481",
    "data": [
      {
        "text": "как насчёт номера телефона",
        "userDefined": false
      }
    ],
    "isTemplate": false,
    "count": 0,
    "lang": "ru",
    "updated": 0
  },
  {
    "id": "49c31636-e932-47a7-949b-83e57553cf57",
    "data": [
      {
        "text": "ещё мне нужен их телефон",
        "userDefined": false
      }
    ],
    "isTemplate": false,
    "count": 0,
    "lang": "ru",
    "updated": 0
  },
  {
    "id": "2787514a-d079-4412-b87b-ebc9e6babe11",
    "data": [
      {
        "text": "и телефон",
        "userDefined": false
      }
    ],
    "isTemplate": false,
    "count": 0,
    "lang": "ru",
    "updated": 0
  },
  {
    "id": "57627141-c3a8-4d19-9e56-76536119d798",
    "data": [
      {
        "text": "номер телефона",
        "userDefined": false
      }
    ],
    "isTemplate": false,
    "count": 0,
    "lang": "ru",
    "updated": 0
  },
  {
    "id": "424655da-2920-455b-8585-1c766a33bccd",
    "data": [
      {
        "text": "можно мне им позвонить",
        "userDefined": false
      }
    ],
    "isTemplate": false,
    "count": 0,
    "lang": "ru",
    "updated": 0
  },
  {
    "id": "c1d4f1ff-9d6d-446f-a179-7210e78911bb",
    "data": [
      {
        "text": "теперь номер телефона",
        "userDefined": false
      }
    ],
    "isTemplate": false,
    "count": 0,
    "lang": "ru",
    "updated": 0
  },
  {
    "id": "4bd48bb6-5f7f-44db-89bb-d305d1f511dd",
    "data": [
      {
        "text": "также телефон",
        "userDefined": false
      }
    ],
    "isTemplate": false,
    "count": 0,
    "lang": "ru",
    "updated": 0
  },
  {
    "id": "5f6f297b-93dd-4f9c-8892-d64f3d703cb3",
    "data": [
      {
        "text": "и контактный номер",
        "userDefined": false
      }
    ],
    "isTemplate": false,
    "count": 0,
    "lang": "ru",
    "updated": 0
  },
  {
    "id": "81bb6f4a-9895-4eb8-82d5-70bff3a3de4e",
    "data": [
      {
        "text": "что насчёт контактного номера",
        "userDefined": false
      }
    ],
    "isTemplate": false,
    "count": 0,
    "lang": "ru",
    "updated": 0
  },
  {
    "id": "b0554e9c-5deb-4b56-a288-ee4b37fdf17c",
    "data": [
      {
        "text": "и их телефон",
        "userDefined": false
      }
    ],
    "isTemplate": false,
    "count": 0,
    "lang": "ru",
    "updated": 0
  },
  {
    "id": "e1bf7789-1c71-439e-8feb-df9bf9afa5d9",
    "data": [
      {
        "text": "что насчёт номера телефона",
        "userDefined": false
      }
    ],
    "isTemplate": false,
    "count": 0,
    "lang": "ru",
    "updated": 0
  },
  {
    "id": "720edc69-a202-425b-9b66-15c8b579fd96",
    "data": [
      {
        "text": "как им позвонить",
        "userDefined": false
      }
    ],
    "isTemplate": false,
    "count": 0,
    "lang": "ru",
    "updated": 0
  },
  {
    "id": "7b995671-4160-4eb5-9f8e-8f0a758e3f32",
    "data": [
      {
        "text": "их номер",
        "userDefined": false
      }
    ],
    "isTemplate": false,
    "count": 0,
    "lang": "ru",
    "updated": 0
  }
]