[
  {
    "id": "2910120e-227a-4c6e-bba9-265dea8f94a8",
    "data": [
      {
        "text": "você sabe quem criou você",
        "userDefined": false
      }
    ],
    "isTemplate": false,
    "count": 0,
    "lang": "pt-br",
    "updated": 0
  },
  {
    "id": "b5b12e3d-5eed-4304-9d2c-41ca10830b7c",
    "data": [
      {
        "text": "eu perguntei quem criou você me conte",
        "userDefined": false
      }
    ],
    "isTemplate": false,
    "count": 0,
    "lang": "pt-br",
    "updated": 0
  },
  {
    "id": "5bdf8021-c3f2-42b6-9b13-7ec430a978c5",
    "data": [
      {
        "text": "quem é seu programador",
        "userDefined": false
      }
    ],
    "isTemplate": false,
    "count": 0,
    "lang": "pt-br",
    "updated": 0
  },
  {
    "id": "73b05092-7bf6-466c-bc20-2d5d11a781ad",
    "data": [
      {
        "text": "qual é o nome do seu criador",
        "userDefined": false
      }
    ],
    "isTemplate": false,
    "count": 0,
    "lang": "pt-br",
    "updated": 0
  },
  {
    "id": "09608a27-8e93-4f3f-b96a-5e4919cbfe42",
    "data": [
      {
        "text": "qual é o nome do seu desenvolvedor",
        "userDefined": false
      }
    ],
    "isTemplate": false,
    "count": 1,
    "lang": "pt-br",
    "updated": 0
  },
  {
    "id": "bfed7544-b113-49d7-a959-6c62912ddcad",
    "data": [
      {
        "text": "você pode me dizer quem criou você",
        "userDefined": false
      }
    ],
    "isTemplate": false,
    "count": 0,
    "lang": "pt-br",
    "updated": 0
  },
  {
    "id": "6c6e74a1-f9c8-4a56-8214-b78d7e05ff31",
    "data": [
      {
        "text": "quem é seu professor",
        "userDefined": false
      }
    ],
    "isTemplate": false,
    "count": 0,
    "lang": "pt-br",
    "updated": 0
  },
  {
    "id": "9c3e47af-6b22-432b-ba15-dd80fa3a8e84",
    "data": [
      {
        "text": "quem criou você",
        "userDefined": false
      }
    ],
    "isTemplate": false,
    "count": 0,
    "lang": "pt-br",
    "updated": 0
  },
  {
    "id": "970c3be4-9438-4df3-ba5e-d54c9739d9af",
    "data": [
      {
        "text": "quem foram seus criadores",
        "userDefined": false
      }
    ],
    "isTemplate": false,
    "count": 0,
    "lang": "pt-br",
    "updated": 0
  },
  {
    "id": "d43d6fac-8a4c-41fc-bc5d-8ddb1d886122",
    "data": [
      {
        "text": "você pode me contar algo sobre seus criadores",
        "userDefined": false
      }
    ],
    "isTemplate": false,
    "count": 0,
    "lang": "pt-br",
    "updated": 0
  }
]