[
  {
    "id": "5ffb9e7a-7927-4f57-a666-2fd615ebe1b5",
    "data": [
      {
        "text": "diga-me o nome da sua aplicação",
        "userDefined": false
      }
    ],
    "isTemplate": false,
    "count": 0,
    "lang": "pt",
    "updated": 0
  },
  {
    "id": "d51dffd6-a561-4127-b081-8358cc69eb30",
    "data": [
      {
        "text": "como é chamada a sua aplicação",
        "userDefined": false
      }
    ],
    "isTemplate": false,
    "count": 0,
    "lang": "pt",
    "updated": 0
  },
  {
    "id": "9000cf67-bd2a-430f-b941-c416fb256e21",
    "data": [
      {
        "text": "qual é o nome da sua aplicação",
        "userDefined": false
      }
    ],
    "isTemplate": false,
    "count": 0,
    "lang": "pt",
    "updated": 0
  },
  {
    "id": "ac8eddf9-d70c-4783-b14a-1180d0b9c275",
    "data": [
      {
        "text": "como se chama a aplicação",
        "userDefined": false
      }
    ],
    "isTemplate": false,
    "count": 0,
    "lang": "pt",
    "updated": 0
  },
  {
    "id": "be752bfd-7fd2-46cd-a7ed-e291da5041fb",
    "data": [
      {
        "text": "nome da aplicação",
        "userDefined": false
      }
    ],
    "isTemplate": false,
    "count": 2,
    "lang": "pt",
    "updated": 0
  },
  {
    "id": "32a48922-aaf4-4dec-bb3f-652b1a37aedf",
    "data": [
      {
        "text": "como sei qual o nome da sua aplicação",
        "userDefined": false
      }
    ],
    "isTemplate": false,
    "count": 0,
    "lang": "pt",
    "updated": 0
  },
  {
    "id": "eea72301-42fd-428c-ba16-9430a1901839",
    "data": [
      {
        "text": "dê-me o nome da sua aplicação",
        "userDefined": false
      }
    ],
    "isTemplate": false,
    "count": 0,
    "lang": "pt",
    "updated": 0
  },
  {
    "id": "60e75ea1-77d8-4e09-933f-fa1669153ef3",
    "data": [
      {
        "text": "como se chama a sua aplicação",
        "userDefined": false
      }
    ],
    "isTemplate": false,
    "count": 0,
    "lang": "pt",
    "updated": 0
  }
]