[
  {
    "id": "4617aa58-f2e9-4eb7-ae40-4331647d3685",
    "data": [
      {
        "text": "onde obtenho a sua aplicação beta",
        "userDefined": false
      }
    ],
    "isTemplate": false,
    "count": 0,
    "lang": "pt",
    "updated": 0
  },
  {
    "id": "ff8bf2df-65b9-4486-b3de-5a9713401cc9",
    "data": [
      {
        "text": "quero aderir ao grupo de testes beta",
        "userDefined": false
      }
    ],
    "isTemplate": false,
    "count": 0,
    "lang": "pt",
    "updated": 0
  },
  {
    "id": "b4a3ef44-7377-4448-adcc-050bbe86a2f7",
    "data": [
      {
        "text": "gostaria de ser um testador beta",
        "userDefined": false
      }
    ],
    "isTemplate": false,
    "count": 0,
    "lang": "pt",
    "updated": 0
  },
  {
    "id": "c3e8b194-31ee-48d5-b5f1-d5387314007e",
    "data": [
      {
        "text": "obter a sua versão beta",
        "userDefined": false
      }
    ],
    "isTemplate": false,
    "count": 0,
    "lang": "pt",
    "updated": 0
  },
  {
    "id": "efe8638f-1fac-4112-90e3-03fb13b2aaf9",
    "data": [
      {
        "text": "mostre a sua versão beta",
        "userDefined": false
      }
    ],
    "isTemplate": false,
    "count": 0,
    "lang": "pt",
    "updated": 0
  },
  {
    "id": "c25771f5-f6ea-4335-8875-9512e9acd204",
    "data": [
      {
        "text": "tem uma versão beta",
        "userDefined": false
      }
    ],
    "isTemplate": false,
    "count": 0,
    "lang": "pt",
    "updated": 0
  },
  {
    "id": "145a32c4-df42-49e0-a09e-e1d7f64b80fe",
    "data": [
      {
        "text": "quero participar nos seus testes beta",
        "userDefined": false
      }
    ],
    "isTemplate": false,
    "count": 0,
    "lang": "pt",
    "updated": 0
  },
  {
    "id": "9072fa66-55b2-4819-b881-715ad229e6a8",
    "data": [
      {
        "text": "dê-me a sua versão beta",
        "userDefined": false
      }
    ],
    "isTemplate": false,
    "count": 0,
    "lang": "pt",
    "updated": 0
  },
  {
    "id": "7ab5a3c9-19fa-4953-a66d-1758de0392fd",
    "data": [
      {
        "text": "como posso participar no seu grupo de testadores beta",
        "userDefined": false
      }
    ],
    "isTemplate": false,
    "count": 0,
    "lang": "pt",
    "updated": 0
  },
  {
    "id": "265b3a98-40bf-448f-8abf-fff4f358abf0",
    "data": [
      {
        "text": "tem um teste beta",
        "userDefined": false
      }
    ],
    "isTemplate": false,
    "count": 0,
    "lang": "pt",
    "updated": 0
  },
  {
    "id": "53d4b7c7-2743-4f33-b821-c8b9934a2019",
    "data": [
      {
        "text": "quero obter a sua versão beta",
        "userDefined": false
      }
    ],
    "isTemplate": false,
    "count": 0,
    "lang": "pt",
    "updated": 0
  }
]