[
  {
    "id": "ae50c5bb-a50c-4a5c-8430-b761c92b08e4",
    "data": [
      {
        "text": "у тебя есть вебсайт",
        "userDefined": false
      }
    ],
    "isTemplate": false,
    "count": 0,
    "lang": "ru",
    "updated": 0
  },
  {
    "id": "9befed83-3a6d-499d-b465-cef859825c15",
    "data": [
      {
        "text": "покажи мне твой вебсайт",
        "userDefined": false
      }
    ],
    "isTemplate": false,
    "count": 0,
    "lang": "ru",
    "updated": 0
  },
  {
    "id": "4e1bc6e2-b047-4dea-bc30-6b7547c7f0cb",
    "data": [
      {
        "text": "сайт твоих создателей",
        "userDefined": false
      }
    ],
    "isTemplate": false,
    "count": 0,
    "lang": "ru",
    "updated": 0
  },
  {
    "id": "a9d15d3b-dc58-445f-87b7-395e3d3f748c",
    "data": [
      {
        "text": "поищи свой сайт",
        "userDefined": false
      }
    ],
    "isTemplate": false,
    "count": 0,
    "lang": "ru",
    "updated": 0
  },
  {
    "id": "bb6fd472-988d-4634-abab-d7b19686506d",
    "data": [
      {
        "text": "открой сайт компании",
        "userDefined": false
      }
    ],
    "isTemplate": false,
    "count": 0,
    "lang": "ru",
    "updated": 0
  },
  {
    "id": "b970ed06-640f-4b86-8d48-95c093308710",
    "data": [
      {
        "text": "как найти твой вебсайт",
        "userDefined": false
      }
    ],
    "isTemplate": false,
    "count": 0,
    "lang": "ru",
    "updated": 0
  },
  {
    "id": "2c249f36-371d-4fe4-b4e8-a9738809a878",
    "data": [
      {
        "text": "у твоих разработчиков есть свой сайт",
        "userDefined": false
      }
    ],
    "isTemplate": false,
    "count": 0,
    "lang": "ru",
    "updated": 0
  },
  {
    "id": "6fef2ea6-43cd-404a-984a-b7c2aa762028",
    "data": [
      {
        "text": "открой свой сайт",
        "userDefined": false
      }
    ],
    "isTemplate": false,
    "count": 0,
    "lang": "ru",
    "updated": 0
  },
  {
    "id": "980beadb-3884-47cb-8631-b438753ce68c",
    "data": [
      {
        "text": "где твой вебсайт",
        "userDefined": false
      }
    ],
    "isTemplate": false,
    "count": 0,
    "lang": "ru",
    "updated": 0
  },
  {
    "id": "100a0f0e-d9bb-43a1-b377-76d417633ea3",
    "data": [
      {
        "text": "покажи сайт",
        "userDefined": false
      }
    ],
    "isTemplate": false,
    "count": 0,
    "lang": "ru",
    "updated": 0
  },
  {
    "id": "f123b6a3-573f-480c-9fb0-25ef8bb4eb34",
    "data": [
      {
        "text": "покажи вебсайт твоих разработчиков",
        "userDefined": false
      }
    ],
    "isTemplate": false,
    "count": 0,
    "lang": "ru",
    "updated": 0
  },
  {
    "id": "e7e229de-b170-43d9-8500-e51dbf62ea5b",
    "data": [
      {
        "text": "не могла бы ты пожалуйста открыть свой веб сайт",
        "userDefined": false
      }
    ],
    "isTemplate": false,
    "count": 0,
    "lang": "ru",
    "updated": 0
  },
  {
    "id": "6a68c383-64c4-431a-9736-c29d7dc5c6b5",
    "data": [
      {
        "text": "у тебя есть свой вебсайт",
        "userDefined": false
      }
    ],
    "isTemplate": false,
    "count": 0,
    "lang": "ru",
    "updated": 0
  },
  {
    "id": "e7c3f821-e244-47f3-9331-714703f7c4a0",
    "data": [
      {
        "text": "твой вебсайт",
        "userDefined": false
      }
    ],
    "isTemplate": false,
    "count": 0,
    "lang": "ru",
    "updated": 0
  },
  {
    "id": "91071b9e-f67b-4d91-8547-610ea3e0f1f1",
    "data": [
      {
        "text": "найди свой вебсайт",
        "userDefined": false
      }
    ],
    "isTemplate": false,
    "count": 0,
    "lang": "ru",
    "updated": 0
  }
]