[
  {
    "id": "7c82226d-30d1-4ede-adf9-06a97c89380b",
    "data": [
      {
        "text": "告诉你的开发者有个臭虫",
        "userDefined": false
      }
    ],
    "isTemplate": false,
    "count": 0,
    "lang": "zh-cn",
    "updated": 0
  },
  {
    "id": "4ab456b6-b180-404e-90ba-08e15df96d73",
    "data": [
      {
        "text": "向你的开发人员发送问题报告",
        "userDefined": false
      }
    ],
    "isTemplate": false,
    "count": 0,
    "lang": "zh-cn",
    "updated": 0
  },
  {
    "id": "bd938fd0-066d-452b-9f9b-814e87596a44",
    "data": [
      {
        "text": "我发现了错误",
        "userDefined": false
      }
    ],
    "isTemplate": false,
    "count": 0,
    "lang": "zh-cn",
    "updated": 0
  },
  {
    "id": "949ad079-39c5-4f7d-9c94-25b09a29caa2",
    "data": [
      {
        "text": "我想向你的开发人员显示错误",
        "userDefined": false
      }
    ],
    "isTemplate": false,
    "count": 0,
    "lang": "zh-cn",
    "updated": 0
  },
  {
    "id": "5b26070f-6400-472e-a4f3-b61612901c0b",
    "data": [
      {
        "text": "你犯了很多错误",
        "userDefined": false
      }
    ],
    "isTemplate": false,
    "count": 0,
    "lang": "zh-cn",
    "updated": 0
  },
  {
    "id": "010becf8-b722-453f-bbed-8b29bb7e8d69",
    "data": [
      {
        "text": "你理解了我的问题没有",
        "userDefined": false
      }
    ],
    "isTemplate": false,
    "count": 0,
    "lang": "zh-cn",
    "updated": 0
  },
  {
    "id": "eb217724-2351-4363-9d55-5ade27933fb9",
    "data": [
      {
        "text": "我有关于你的问题",
        "userDefined": false
      }
    ],
    "isTemplate": false,
    "count": 0,
    "lang": "zh-cn",
    "updated": 0
  },
  {
    "id": "fa3b64b5-ecf8-4c39-8999-96f12f0a99da",
    "data": [
      {
        "text": "报告错误：",
        "userDefined": false
      },
      {
        "text": "无法正常运行",
        "meta": "@sys.any",
        "alias": "message",
        "userDefined": true
      }
    ],
    "isTemplate": false,
    "count": 0,
    "lang": "zh-cn",
    "updated": 0
  },
  {
    "id": "0128286d-95e0-43ff-9e1c-0ec427a319a7",
    "data": [
      {
        "text": "我需要报告一下我发现的问题",
        "userDefined": false
      }
    ],
    "isTemplate": false,
    "count": 0,
    "lang": "zh-cn",
    "updated": 0
  },
  {
    "id": "949139a1-f667-44a9-8fed-c7adfb2f98c6",
    "data": [
      {
        "text": "向开发人员发送问题报告",
        "userDefined": false
      }
    ],
    "isTemplate": false,
    "count": 0,
    "lang": "zh-cn",
    "updated": 0
  },
  {
    "id": "84fadea2-49f4-4285-a4c9-03db5979f850",
    "data": [
      {
        "text": "有了一个臭虫",
        "userDefined": false
      }
    ],
    "isTemplate": false,
    "count": 0,
    "lang": "zh-cn",
    "updated": 0
  },
  {
    "id": "a074c2b5-3558-4a47-8c72-43be0e14bbdf",
    "data": [
      {
        "text": "报告错误",
        "userDefined": false
      }
    ],
    "isTemplate": false,
    "count": 1,
    "lang": "zh-cn",
    "updated": 0
  },
  {
    "id": "23e5c47b-e405-4baf-8ed8-52f6a22ea711",
    "data": [
      {
        "text": "告诉你的开发者他们应该修复你",
        "userDefined": false
      }
    ],
    "isTemplate": false,
    "count": 0,
    "lang": "zh-cn",
    "updated": 0
  },
  {
    "id": "cda017b3-791e-437a-9f29-9cf5b0a37c56",
    "data": [
      {
        "text": "告诉你的开发者他们应该解决这个问题",
        "userDefined": false
      }
    ],
    "isTemplate": false,
    "count": 0,
    "lang": "zh-cn",
    "updated": 0
  },
  {
    "id": "19fca81d-62f4-437c-8e18-82bc89ac7172",
    "data": [
      {
        "text": "告诉你的开发员",
        "userDefined": false
      },
      {
        "text": "我有麦克风的问题",
        "meta": "@sys.any",
        "alias": "message",
        "userDefined": true
      }
    ],
    "isTemplate": false,
    "count": 0,
    "lang": "zh-cn",
    "updated": 0
  },
  {
    "id": "da431f00-cc76-48c7-961b-fd1f552668da",
    "data": [
      {
        "text": "向你的开发人员发送错误报告",
        "userDefined": false
      },
      {
        "text": "语音激活不起作用",
        "meta": "@sys.any",
        "alias": "message",
        "userDefined": true
      }
    ],
    "isTemplate": false,
    "count": 0,
    "lang": "zh-cn",
    "updated": 0
  },
  {
    "id": "ad7a3224-82d8-46cd-af67-3fa8f5b1573e",
    "data": [
      {
        "text": "你能帮我解决问题吗",
        "userDefined": false
      }
    ],
    "isTemplate": false,
    "count": 0,
    "lang": "zh-cn",
    "updated": 0
  },
  {
    "id": "3bd0f069-8e78-44b4-bee2-450eb536f707",
    "data": [
      {
        "text": "我有",
        "userDefined": false
      },
      {
        "text": "麦克风",
        "meta": "@sys.any",
        "alias": "message",
        "userDefined": true
      },
      {
        "text": "的问题",
        "userDefined": false
      }
    ],
    "isTemplate": false,
    "count": 0,
    "lang": "zh-cn",
    "updated": 0
  },
  {
    "id": "e0e61381-1ef7-4e62-b0c7-bccb6be7bfa9",
    "data": [
      {
        "text": "告诉开发人员我有了关错误",
        "userDefined": false
      }
    ],
    "isTemplate": false,
    "count": 0,
    "lang": "zh-cn",
    "updated": 0
  },
  {
    "id": "2e79fe2b-a57c-465d-bf03-4d5ded2dca2e",
    "data": [
      {
        "text": "我需要报告你的错误",
        "userDefined": false
      }
    ],
    "isTemplate": false,
    "count": 0,
    "lang": "zh-cn",
    "updated": 0
  },
  {
    "id": "6d547e6a-aa91-4942-a514-5bddb4bf83e0",
    "data": [
      {
        "text": "我需要报告一个错误",
        "userDefined": false
      }
    ],
    "isTemplate": false,
    "count": 0,
    "lang": "zh-cn",
    "updated": 0
  },
  {
    "id": "5c522113-40e4-471a-9771-35a051e4a04d",
    "data": [
      {
        "text": "发送有关你的问题的报告",
        "userDefined": false
      }
    ],
    "isTemplate": false,
    "count": 0,
    "lang": "zh-cn",
    "updated": 0
  },
  {
    "id": "389425be-88c7-4bc7-abdd-40054a72629b",
    "data": [
      {
        "text": "告诉你的开发者他们应该修复错误",
        "userDefined": false
      }
    ],
    "isTemplate": false,
    "count": 0,
    "lang": "zh-cn",
    "updated": 0
  },
  {
    "id": "2586118a-e0e9-4808-a389-f5817fd26c77",
    "data": [
      {
        "text": "向你的创建者发送错误报告",
        "userDefined": false
      }
    ],
    "isTemplate": false,
    "count": 0,
    "lang": "zh-cn",
    "updated": 0
  },
  {
    "id": "e531ced8-9a05-4710-b41b-34357a397844",
    "data": [
      {
        "text": "你有臭虫",
        "userDefined": false
      }
    ],
    "isTemplate": false,
    "count": 0,
    "lang": "zh-cn",
    "updated": 0
  },
  {
    "id": "60225afb-1f62-4712-acae-fe996dc49547",
    "data": [
      {
        "text": "报告",
        "userDefined": false
      },
      {
        "text": "我有问题",
        "meta": "@sys.any",
        "alias": "message",
        "userDefined": true
      }
    ],
    "isTemplate": false,
    "count": 0,
    "lang": "zh-cn",
    "updated": 0
  },
  {
    "id": "89c6039d-2e03-476c-9c74-2f4fb3193751",
    "data": [
      {
        "text": "向开发人员报告错误",
        "userDefined": false
      }
    ],
    "isTemplate": false,
    "count": 0,
    "lang": "zh-cn",
    "updated": 0
  },
  {
    "id": "e23a7d25-75b9-4d95-896a-913b283e6721",
    "data": [
      {
        "text": "发送错误报告",
        "userDefined": false
      }
    ],
    "isTemplate": false,
    "count": 0,
    "lang": "zh-cn",
    "updated": 0
  },
  {
    "id": "c4093876-7d27-41a0-a6ca-0e743321a9b6",
    "data": [
      {
        "text": "将错误信息发送给开发人员",
        "userDefined": false
      }
    ],
    "isTemplate": false,
    "count": 0,
    "lang": "zh-cn",
    "updated": 0
  }
]