[
  {
    "id": "92bdfb57-f9aa-4b54-a957-2529ac2696e0",
    "data": [
      {
        "text": "cómo encuentro tu sitio web",
        "userDefined": false
      }
    ],
    "isTemplate": false,
    "count": 0,
    "lang": "es",
    "updated": 0
  },
  {
    "id": "e0dde3e5-5b9f-47c2-b9c6-c12edc977f28",
    "data": [
      {
        "text": "cómo ubico tu sitio web",
        "userDefined": false
      }
    ],
    "isTemplate": false,
    "count": 0,
    "lang": "es",
    "updated": 0
  },
  {
    "id": "042631e6-2560-4621-b297-33666eda1137",
    "data": [
      {
        "text": "tu dirección web",
        "userDefined": false
      }
    ],
    "isTemplate": false,
    "count": 0,
    "lang": "es",
    "updated": 0
  },
  {
    "id": "41524f3f-4a05-4b89-813a-e29bf19e4c75",
    "data": [
      {
        "text": "quiero acceder a tu página web",
        "userDefined": false
      }
    ],
    "isTemplate": false,
    "count": 0,
    "lang": "es",
    "updated": 0
  },
  {
    "id": "bb02a358-3d14-4ac8-8603-e55836c194d3",
    "data": [
      {
        "text": "tu página",
        "userDefined": false
      }
    ],
    "isTemplate": false,
    "count": 0,
    "lang": "es",
    "updated": 0
  },
  {
    "id": "03232f06-8e50-4137-b970-9525912bc805",
    "data": [
      {
        "text": "tu sitio web",
        "userDefined": false
      }
    ],
    "isTemplate": false,
    "count": 0,
    "lang": "es",
    "updated": 0
  },
  {
    "id": "5d933844-366c-43dd-bec8-967407aa9562",
    "data": [
      {
        "text": "tienes ",
        "userDefined": false
      },
      {
        "text": "una",
        "userDefined": false
      },
      {
        "text": " ",
        "userDefined": false
      },
      {
        "text": "página",
        "userDefined": false
      },
      {
        "text": " web",
        "userDefined": false
      }
    ],
    "isTemplate": false,
    "count": 0,
    "lang": "es",
    "updated": 0
  },
  {
    "id": "2497d6f0-e402-4c75-8006-e016940cb7a3",
    "data": [
      {
        "text": "cómo localizo tu sitio web",
        "userDefined": false
      }
    ],
    "isTemplate": false,
    "count": 0,
    "lang": "es",
    "updated": 0
  },
  {
    "id": "a37d18b1-6094-483b-940f-3d6df7c9a2bc",
    "data": [
      {
        "text": "me vas a dar tu sitio web",
        "userDefined": false
      }
    ],
    "isTemplate": false,
    "count": 0,
    "lang": "es",
    "updated": 0
  },
  {
    "id": "f45a2262-4b19-46d6-9fcd-c2781f86379d",
    "data": [
      {
        "text": "quisiera saber tu dirección web",
        "userDefined": false
      }
    ],
    "isTemplate": false,
    "count": 0,
    "lang": "es",
    "updated": 0
  },
  {
    "id": "c0576beb-58f0-4391-928c-a8fe655eae77",
    "data": [
      {
        "text": "dame tu página web",
        "userDefined": false
      }
    ],
    "isTemplate": false,
    "count": 0,
    "lang": "es",
    "updated": 0
  },
  {
    "id": "75bd35e1-753f-43ab-a4ae-b8c90bcbe6d7",
    "data": [
      {
        "text": "podrías darme tu dirección web",
        "userDefined": false
      }
    ],
    "isTemplate": false,
    "count": 0,
    "lang": "es",
    "updated": 0
  },
  {
    "id": "084ba412-7078-4a40-bf0f-b4bb38c6a7bd",
    "data": [
      {
        "text": "dime tu dirección web",
        "userDefined": false
      }
    ],
    "isTemplate": false,
    "count": 0,
    "lang": "es",
    "updated": 0
  },
  {
    "id": "7ff6c5b8-4fc7-44c5-84d3-4524da4c82a1",
    "data": [
      {
        "text": "tu página web",
        "userDefined": false
      }
    ],
    "isTemplate": false,
    "count": 0,
    "lang": "es",
    "updated": 0
  },
  {
    "id": "86a27056-c7cb-4355-b7e7-41e0629c45e6",
    "data": [
      {
        "text": "abre tu página web",
        "userDefined": false
      }
    ],
    "isTemplate": false,
    "count": 0,
    "lang": "es",
    "updated": 0
  }
]