[
  {
    "id": "7eec1d61-0796-4adf-a9eb-450fddff6287",
    "data": [
      {
        "text": "напиши на почту",
        "userDefined": false
      }
    ],
    "isTemplate": false,
    "count": 0,
    "lang": "ru",
    "updated": 0
  },
  {
    "id": "9152012d-491f-4a1c-9f10-60f4803b6ea6",
    "data": [
      {
        "text": "ты знаешь адрес их электронной почты",
        "userDefined": false
      }
    ],
    "isTemplate": false,
    "count": 0,
    "lang": "ru",
    "updated": 0
  },
  {
    "id": "9cddd0ab-811b-4573-9db5-95d2291231a8",
    "data": [
      {
        "text": "как насчёт почты",
        "userDefined": false
      }
    ],
    "isTemplate": false,
    "count": 0,
    "lang": "ru",
    "updated": 0
  },
  {
    "id": "66d2ad8a-36ed-47c4-8f9a-2061b9fcd18a",
    "data": [
      {
        "text": "и их адрес электронной почты",
        "userDefined": false
      }
    ],
    "isTemplate": false,
    "count": 0,
    "lang": "ru",
    "updated": 0
  },
  {
    "id": "b05bcd16-7682-47d4-bfff-3f625fc5b4fb",
    "data": [
      {
        "text": "найди их почту тоже",
        "userDefined": false
      }
    ],
    "isTemplate": false,
    "count": 0,
    "lang": "ru",
    "updated": 0
  },
  {
    "id": "d62ad329-e1a1-462d-8616-fbe580ec7d35",
    "data": [
      {
        "text": "и на почту тоже пожалуйста",
        "userDefined": false
      }
    ],
    "isTemplate": false,
    "count": 0,
    "lang": "ru",
    "updated": 0
  },
  {
    "id": "512f56a3-c6a7-4f86-872b-6359f682d447",
    "data": [
      {
        "text": "что насчёт почты",
        "userDefined": false
      }
    ],
    "isTemplate": false,
    "count": 0,
    "lang": "ru",
    "updated": 0
  },
  {
    "id": "42e51d0d-bca2-4fcf-9779-59a12ee40af5",
    "data": [
      {
        "text": "можно связаться с ними по электронной почте",
        "userDefined": false
      }
    ],
    "isTemplate": false,
    "count": 0,
    "lang": "ru",
    "updated": 0
  },
  {
    "id": "310a6577-f531-492f-93e5-6a93c0ce4e04",
    "data": [
      {
        "text": "и на электронную почту",
        "userDefined": false
      }
    ],
    "isTemplate": false,
    "count": 0,
    "lang": "ru",
    "updated": 0
  },
  {
    "id": "88ced150-94da-4c65-a392-10e46b9e2829",
    "data": [
      {
        "text": "также им на почту",
        "userDefined": false
      }
    ],
    "isTemplate": false,
    "count": 0,
    "lang": "ru",
    "updated": 0
  },
  {
    "id": "e2d43ce0-db9e-47a3-b3a4-ab82b8d968df",
    "data": [
      {
        "text": "можно мне написать на почту",
        "userDefined": false
      }
    ],
    "isTemplate": false,
    "count": 0,
    "lang": "ru",
    "updated": 0
  },
  {
    "id": "a3bc6e4b-4dd3-49fe-bb57-221bdf3e2165",
    "data": [
      {
        "text": "теперь email",
        "userDefined": false
      }
    ],
    "isTemplate": false,
    "count": 0,
    "lang": "ru",
    "updated": 0
  },
  {
    "id": "1af874ee-f4dd-430c-be2d-b9aab6ace371",
    "data": [
      {
        "text": "мне также нужен адрес электронной почты",
        "userDefined": false
      }
    ],
    "isTemplate": false,
    "count": 0,
    "lang": "ru",
    "updated": 0
  }
]