[
  {
    "id": "1728ca22-1ff7-43cd-a596-205ebdb08305",
    "data": [
      {
        "text": "I expect my money back",
        "userDefined": false
      }
    ],
    "isTemplate": false,
    "count": 0,
    "lang": "en",
    "updated": 0
  },
  {
    "id": "813f8d4b-f979-457f-9a24-0f1f9fd0ccd7",
    "data": [
      {
        "text": "how do I get a refund",
        "userDefined": false
      }
    ],
    "isTemplate": false,
    "count": 0,
    "lang": "en",
    "updated": 0
  },
  {
    "id": "71f8a10e-a3f2-445e-a3cf-7cd269007df9",
    "data": [
      {
        "text": "give me back my money",
        "userDefined": false
      }
    ],
    "isTemplate": false,
    "count": 0,
    "lang": "en",
    "updated": 0
  },
  {
    "id": "45dadc1c-4fe9-4816-b4fd-41a532ec32cd",
    "data": [
      {
        "text": "I purchased an item by mistake, can I have my money back?",
        "userDefined": false
      }
    ],
    "isTemplate": false,
    "count": 0,
    "lang": "en",
    "updated": 0
  },
  {
    "id": "7d5102ff-1071-4bed-9c97-55b3420c027e",
    "data": [
      {
        "text": "I want to cancel the purchase ",
        "userDefined": false
      },
      {
        "text": "134567890",
        "meta": "@sys.number",
        "alias": "transaction-id",
        "userDefined": false
      }
    ],
    "isTemplate": false,
    "count": 1,
    "lang": "en",
    "updated": 0
  },
  {
    "id": "2dd1dc23-966b-4e20-bfd6-4c654b1e82a8",
    "data": [
      {
        "text": "refund",
        "userDefined": false
      }
    ],
    "isTemplate": false,
    "count": 0,
    "lang": "en",
    "updated": 0
  },
  {
    "id": "7a0bcbb3-df3b-418a-a593-adb94a2cb161",
    "data": [
      {
        "text": "I\u0027ve bought a broken item. Return my money",
        "userDefined": false
      }
    ],
    "isTemplate": false,
    "count": 0,
    "lang": "en",
    "updated": 0
  },
  {
    "id": "54e7dac1-608d-4e2e-be6e-40ef3d2643ba",
    "data": [
      {
        "text": "the product I\u0027ve bought here is failed",
        "userDefined": false
      }
    ],
    "isTemplate": false,
    "count": 0,
    "lang": "en",
    "updated": 0
  },
  {
    "id": "02968040-02ce-448e-a936-0186c9b7505c",
    "data": [
      {
        "text": "refund my purchase. Transaction id is ",
        "userDefined": false
      },
      {
        "text": "12390283736",
        "meta": "@sys.number",
        "alias": "transaction-id",
        "userDefined": false
      }
    ],
    "isTemplate": false,
    "count": 0,
    "lang": "en",
    "updated": 0
  },
  {
    "id": "05f82d3f-d577-4949-8d9f-54fd258acd30",
    "data": [
      {
        "text": "I want to request a refund",
        "userDefined": false
      }
    ],
    "isTemplate": false,
    "count": 0,
    "lang": "en",
    "updated": 0
  },
  {
    "id": "9b705312-f6b6-4c40-ab30-3a6ab791e1bc",
    "data": [
      {
        "text": "Your product doesn\u0027t meet my expectations I want a refund",
        "userDefined": false
      }
    ],
    "isTemplate": false,
    "count": 0,
    "lang": "en",
    "updated": 0
  }
]