[
  {
    "id": "42580d1c-5c97-4412-8b30-6cbf5d66c40c",
    "data": [
      {
        "text": "você tem um website",
        "userDefined": false
      }
    ],
    "isTemplate": false,
    "count": 0,
    "lang": "pt-br",
    "updated": 0
  },
  {
    "id": "05eaf479-25dc-47cc-a477-d7bf8a6f8ce6",
    "data": [
      {
        "text": "abra o site da sua empresa",
        "userDefined": false
      }
    ],
    "isTemplate": false,
    "count": 0,
    "lang": "pt-br",
    "updated": 0
  },
  {
    "id": "d07a64dc-86f9-474d-8a35-156297e523cb",
    "data": [
      {
        "text": "seu website",
        "userDefined": false
      }
    ],
    "isTemplate": false,
    "count": 0,
    "lang": "pt-br",
    "updated": 0
  },
  {
    "id": "9f953383-034c-4303-9f28-bb43c8ff6e66",
    "data": [
      {
        "text": "qual é seu website",
        "userDefined": false
      }
    ],
    "isTemplate": false,
    "count": 0,
    "lang": "pt-br",
    "updated": 0
  },
  {
    "id": "8b11fe72-9b0f-4dbe-8f89-3d442dff4e7e",
    "data": [
      {
        "text": "como posso acessar seu website",
        "userDefined": false
      }
    ],
    "isTemplate": false,
    "count": 0,
    "lang": "pt-br",
    "updated": 0
  },
  {
    "id": "8d032688-5ba8-4a31-ac28-e9cf8b616bd5",
    "data": [
      {
        "text": "me passe seu website",
        "userDefined": false
      }
    ],
    "isTemplate": false,
    "count": 0,
    "lang": "pt-br",
    "updated": 0
  },
  {
    "id": "2afe5cb3-47c8-4c07-9d5e-d8f1222ddbf9",
    "data": [
      {
        "text": "mostre-me seu website",
        "userDefined": false
      }
    ],
    "isTemplate": false,
    "count": 0,
    "lang": "pt-br",
    "updated": 0
  },
  {
    "id": "63dd6b00-f25c-4c37-a858-ff2479b484c8",
    "data": [
      {
        "text": "mostre o website dos seus desenvolvedores",
        "userDefined": false
      }
    ],
    "isTemplate": false,
    "count": 0,
    "lang": "pt-br",
    "updated": 0
  },
  {
    "id": "6da4c306-6c34-4178-8ac0-a03245a65944",
    "data": [
      {
        "text": "você poderia abrir seu website",
        "userDefined": false
      }
    ],
    "isTemplate": false,
    "count": 0,
    "lang": "pt-br",
    "updated": 0
  },
  {
    "id": "c23e4771-4e09-40ba-8b9f-59c9a2eca87a",
    "data": [
      {
        "text": "abra seu site para mim",
        "userDefined": false
      }
    ],
    "isTemplate": false,
    "count": 0,
    "lang": "pt-br",
    "updated": 0
  }
]