[
  {
    "id": "86fbc877-e054-4c38-b142-8b81d75870a5",
    "data": [
      {
        "text": "我先知道你的开发者电话",
        "userDefined": false
      }
    ],
    "isTemplate": false,
    "count": 0,
    "lang": "zh-cn",
    "updated": 0
  },
  {
    "id": "c0343de9-f9a2-44f8-8367-ffded6819de3",
    "data": [
      {
        "text": "给我你的开发者电话号码",
        "userDefined": false
      }
    ],
    "isTemplate": false,
    "count": 0,
    "lang": "zh-cn",
    "updated": 0
  },
  {
    "id": "1f5ea68d-e5ea-409a-afea-fc2c09c39182",
    "data": [
      {
        "text": "搜索您的开发者电话号码",
        "userDefined": false
      }
    ],
    "isTemplate": false,
    "count": 0,
    "lang": "zh-cn",
    "updated": 0
  },
  {
    "id": "75327a21-80da-4be3-863a-077f9e0621c5",
    "data": [
      {
        "text": "我可以打电话给你的开发者吗",
        "userDefined": false
      }
    ],
    "isTemplate": false,
    "count": 0,
    "lang": "zh-cn",
    "updated": 0
  },
  {
    "id": "73dd09bc-d6ce-4336-9015-5bf960550032",
    "data": [
      {
        "text": "我要知道你的开发者电话",
        "userDefined": false
      }
    ],
    "isTemplate": false,
    "count": 0,
    "lang": "zh-cn",
    "updated": 0
  },
  {
    "id": "629310d8-887e-463c-b65b-259ec6b2a6a2",
    "data": [
      {
        "text": "我需要您的开发人员的电话号码",
        "userDefined": false
      }
    ],
    "isTemplate": false,
    "count": 0,
    "lang": "zh-cn",
    "updated": 0
  },
  {
    "id": "517338a7-b1e0-43a8-91c7-216d00eb6b43",
    "data": [
      {
        "text": "你的开发者电话",
        "userDefined": false
      }
    ],
    "isTemplate": false,
    "count": 0,
    "lang": "zh-cn",
    "updated": 0
  },
  {
    "id": "b75dd194-0d95-4f19-9412-8fa010696e8d",
    "data": [
      {
        "text": "你的开发者电话号码",
        "userDefined": false
      }
    ],
    "isTemplate": false,
    "count": 0,
    "lang": "zh-cn",
    "updated": 0
  },
  {
    "id": "a555a6db-8db1-4025-9b4a-9aaa556f38f9",
    "data": [
      {
        "text": "搜索你的开发者的电话号码",
        "userDefined": false
      }
    ],
    "isTemplate": false,
    "count": 1,
    "lang": "zh-cn",
    "updated": 0
  },
  {
    "id": "316ba7f9-7109-4736-ac75-225e11146511",
    "data": [
      {
        "text": "告诉我你的开发者电话",
        "userDefined": false
      }
    ],
    "isTemplate": false,
    "count": 0,
    "lang": "zh-cn",
    "updated": 0
  },
  {
    "id": "36edea58-f2e8-4ead-b3ee-4c9e8e4e6dc1",
    "data": [
      {
        "text": "请你告诉我你的开发者电话",
        "userDefined": false
      }
    ],
    "isTemplate": false,
    "count": 0,
    "lang": "zh-cn",
    "updated": 0
  },
  {
    "id": "def2d00a-ba64-4837-b27d-734d3a273cfe",
    "data": [
      {
        "text": "找到你的开发者号码",
        "userDefined": false
      }
    ],
    "isTemplate": false,
    "count": 0,
    "lang": "zh-cn",
    "updated": 0
  },
  {
    "id": "aa125af4-0031-439d-9ea1-fcbeb84abef1",
    "data": [
      {
        "text": "告诉我你的开发者电话号码我想和他们谈谈",
        "userDefined": false
      }
    ],
    "isTemplate": false,
    "count": 0,
    "lang": "zh-cn",
    "updated": 0
  },
  {
    "id": "b8b754d9-9eef-431f-b355-bffff0929416",
    "data": [
      {
        "text": "我可以通过电话与开发人员联系吗",
        "userDefined": false
      }
    ],
    "isTemplate": false,
    "count": 0,
    "lang": "zh-cn",
    "updated": 0
  },
  {
    "id": "9349ffc5-ca87-44b1-bc25-046cf5736334",
    "data": [
      {
        "text": "请你能给我开发者的电话号码",
        "userDefined": false
      }
    ],
    "isTemplate": false,
    "count": 0,
    "lang": "zh-cn",
    "updated": 0
  },
  {
    "id": "49565663-3699-4b63-a513-3bede1415742",
    "data": [
      {
        "text": "你的开发人员的电话",
        "userDefined": false
      }
    ],
    "isTemplate": false,
    "count": 0,
    "lang": "zh-cn",
    "updated": 0
  },
  {
    "id": "a19d6af1-0463-489e-b458-5443b82d9aed",
    "data": [
      {
        "text": "你的开发者的手机号码",
        "userDefined": false
      }
    ],
    "isTemplate": false,
    "count": 0,
    "lang": "zh-cn",
    "updated": 0
  },
  {
    "id": "fd020cef-22a3-41b9-86c6-8a279c20f5b8",
    "data": [
      {
        "text": "告诉我你的开发者号码",
        "userDefined": false
      }
    ],
    "isTemplate": false,
    "count": 0,
    "lang": "zh-cn",
    "updated": 0
  }
]