[
  {
    "id": "8f131f68-fd9d-48a9-8e90-6f073fbda5f6",
    "data": [
      {
        "text": "und Ihre Website",
        "userDefined": false
      }
    ],
    "isTemplate": false,
    "count": 0,
    "lang": "de",
    "updated": 0
  },
  {
    "id": "8d1ce4af-b381-4065-bead-0610fdcbea15",
    "data": [
      {
        "text": "und die Website",
        "userDefined": false
      }
    ],
    "isTemplate": false,
    "count": 0,
    "lang": "de",
    "updated": 0
  },
  {
    "id": "593bfcf7-bf72-417f-b3bf-2b5c7a33453b",
    "data": [
      {
        "text": "jetzt Ihre Website",
        "userDefined": false
      }
    ],
    "isTemplate": false,
    "count": 0,
    "lang": "de",
    "updated": 0
  },
  {
    "id": "7aaea51b-f04c-4653-a244-605b750d16be",
    "data": [
      {
        "text": "deine Website",
        "userDefined": false
      }
    ],
    "isTemplate": false,
    "count": 0,
    "lang": "de",
    "updated": 0
  },
  {
    "id": "352fac1e-ed69-4efd-abd1-4182f2d3bc82",
    "data": [
      {
        "text": "und Website",
        "userDefined": false
      }
    ],
    "isTemplate": false,
    "count": 0,
    "lang": "de",
    "updated": 0
  },
  {
    "id": "235597ca-ac0e-488f-b58a-2452d66aca94",
    "data": [
      {
        "text": "und deine Website",
        "userDefined": false
      }
    ],
    "isTemplate": false,
    "count": 0,
    "lang": "de",
    "updated": 0
  },
  {
    "id": "acb71070-5bcf-4507-80f6-08712ade1ee5",
    "data": [
      {
        "text": "und die Seite",
        "userDefined": false
      }
    ],
    "isTemplate": false,
    "count": 0,
    "lang": "de",
    "updated": 0
  },
  {
    "id": "e899f053-a205-4b52-b886-0a545d13ea36",
    "data": [
      {
        "text": "bitte auch die Website",
        "userDefined": false
      }
    ],
    "isTemplate": false,
    "count": 0,
    "lang": "de",
    "updated": 0
  }
]