[
  {
    "id": "b8c43d28-934c-4e9b-9050-4149bcc58eb9",
    "data": [
      {
        "text": "me podrías dar la información de contacto de tus desarolladores",
        "userDefined": false
      }
    ],
    "isTemplate": false,
    "count": 0,
    "lang": "es",
    "updated": 0
  },
  {
    "id": "c09db544-7d39-45f2-af18-d15b70d159ac",
    "data": [
      {
        "text": "quisiera contactar con los creadores de tu aplicación",
        "userDefined": false
      }
    ],
    "isTemplate": false,
    "count": 0,
    "lang": "es",
    "updated": 0
  },
  {
    "id": "2736a1b1-f5cd-4f19-8a2b-8f11d996ef79",
    "data": [
      {
        "text": "dame el contacto de tus desarrolladores",
        "userDefined": false
      }
    ],
    "isTemplate": false,
    "count": 0,
    "lang": "es",
    "updated": 0
  },
  {
    "id": "6d29da90-fa0d-4b7a-88cb-5130d24a57be",
    "data": [
      {
        "text": "quiero ponerme en contacto con tus creadores",
        "userDefined": false
      }
    ],
    "isTemplate": false,
    "count": 0,
    "lang": "es",
    "updated": 0
  },
  {
    "id": "89b0d5c3-9713-41d0-99d8-d4266fac9851",
    "data": [
      {
        "text": "encuentra la información de contacto de los diseñadores de tu aplicación",
        "userDefined": false
      }
    ],
    "isTemplate": false,
    "count": 0,
    "lang": "es",
    "updated": 0
  },
  {
    "id": "a8ef3e02-1284-4b1b-985c-db7422a40996",
    "data": [
      {
        "text": "cómo me pongo en contacto con los desarrolladores de tu aplicación",
        "userDefined": false
      }
    ],
    "isTemplate": false,
    "count": 0,
    "lang": "es",
    "updated": 0
  },
  {
    "id": "7156df48-6256-42c6-8168-633ad472c434",
    "data": [
      {
        "text": "contactos de tus creadores",
        "userDefined": false
      }
    ],
    "isTemplate": false,
    "count": 0,
    "lang": "es",
    "updated": 0
  },
  {
    "id": "b94a5559-8f5c-46b1-8bed-3e80189521b9",
    "data": [
      {
        "text": "cómo puedo ponerme en contacto con tus desarrolladores",
        "userDefined": false
      }
    ],
    "isTemplate": false,
    "count": 0,
    "lang": "es",
    "updated": 0
  },
  {
    "id": "7f77680d-0609-4cf6-ba78-d4b7c59752fd",
    "data": [
      {
        "text": "necesito contactar a tus creadores",
        "userDefined": false
      }
    ],
    "isTemplate": false,
    "count": 0,
    "lang": "es",
    "updated": 0
  },
  {
    "id": "8f8be17e-e7af-47b9-b9a3-c438aec4f51c",
    "data": [
      {
        "text": "información de contacto de tus creadores",
        "userDefined": false
      }
    ],
    "isTemplate": false,
    "count": 0,
    "lang": "es",
    "updated": 0
  },
  {
    "id": "2b18205a-0ddf-4086-b219-e522c0467602",
    "data": [
      {
        "text": "contáctame a tus creadores",
        "userDefined": false
      }
    ],
    "isTemplate": false,
    "count": 0,
    "lang": "es",
    "updated": 0
  }
]