[
  {
    "id": "140472d6-4a98-4d1e-b166-368f403e7d17",
    "data": [
      {
        "text": "me fale o nome do seu app",
        "userDefined": false
      }
    ],
    "isTemplate": false,
    "count": 0,
    "lang": "pt-br",
    "updated": 0
  },
  {
    "id": "56503313-caf0-45bd-824f-be28fe9b40e3",
    "data": [
      {
        "text": "diga o nome do seu app",
        "userDefined": false
      }
    ],
    "isTemplate": false,
    "count": 0,
    "lang": "pt-br",
    "updated": 0
  },
  {
    "id": "d85c46e9-ca56-487a-ae14-c612a360fb5b",
    "data": [
      {
        "text": "nome do app",
        "userDefined": false
      }
    ],
    "isTemplate": false,
    "count": 2,
    "lang": "pt-br",
    "updated": 0
  },
  {
    "id": "787542b1-6fb6-4f0e-a298-03d119214dc6",
    "data": [
      {
        "text": "qual é o nome do seu aplicativo",
        "userDefined": false
      }
    ],
    "isTemplate": false,
    "count": 1,
    "lang": "pt-br",
    "updated": 0
  },
  {
    "id": "ee2cbb37-0670-45cd-8508-0e48aedd5e19",
    "data": [
      {
        "text": "qual é o nome do app",
        "userDefined": false
      }
    ],
    "isTemplate": false,
    "count": 0,
    "lang": "pt-br",
    "updated": 0
  },
  {
    "id": "5a5cd6b9-4f18-4b88-bc07-9144dd574d26",
    "data": [
      {
        "text": "como posso saber o nome do seu app",
        "userDefined": false
      }
    ],
    "isTemplate": false,
    "count": 0,
    "lang": "pt-br",
    "updated": 0
  },
  {
    "id": "cbf42a8d-7de2-4ec0-b9a6-962df502c147",
    "data": [
      {
        "text": "como chama seu app",
        "userDefined": false
      }
    ],
    "isTemplate": false,
    "count": 0,
    "lang": "pt-br",
    "updated": 0
  }
]