[
  {
    "id": "964af98f-4f36-49db-8e87-c3408700547a",
    "data": [
      {
        "text": "quero usar sua versão beta",
        "userDefined": false
      }
    ],
    "isTemplate": false,
    "count": 0,
    "lang": "pt-br",
    "updated": 0
  },
  {
    "id": "6069bbc5-86f9-42a0-8009-c56e2a2c5a8a",
    "data": [
      {
        "text": "fazer o download da sua versão beta",
        "userDefined": false
      }
    ],
    "isTemplate": false,
    "count": 0,
    "lang": "pt-br",
    "updated": 0
  },
  {
    "id": "c2c7beeb-0a93-40e1-8260-76189f3ff2db",
    "data": [
      {
        "text": "você tem um teste Beta",
        "userDefined": false
      }
    ],
    "isTemplate": false,
    "count": 0,
    "lang": "pt-br",
    "updated": 0
  },
  {
    "id": "7a8b0d6c-5499-44e5-a76b-a87237132291",
    "data": [
      {
        "text": "você tem uma versão beta",
        "userDefined": false
      }
    ],
    "isTemplate": false,
    "count": 0,
    "lang": "pt-br",
    "updated": 0
  },
  {
    "id": "787ec4b3-0c4c-4d2b-91d1-25fddd605559",
    "data": [
      {
        "text": "eu gostaria de ser seu testador Beta",
        "userDefined": false
      }
    ],
    "isTemplate": false,
    "count": 0,
    "lang": "pt-br",
    "updated": 0
  },
  {
    "id": "892f16b4-7d20-4258-9fd0-9048c4dd3de9",
    "data": [
      {
        "text": "como posso participar do seu grupo de testadores Beta",
        "userDefined": false
      }
    ],
    "isTemplate": false,
    "count": 0,
    "lang": "pt-br",
    "updated": 0
  },
  {
    "id": "017cfc40-c654-4c4e-a4af-ea0416f61690",
    "data": [
      {
        "text": "quero me juntar ao grupo de testes Beta",
        "userDefined": false
      }
    ],
    "isTemplate": false,
    "count": 0,
    "lang": "pt-br",
    "updated": 0
  },
  {
    "id": "85320c83-8ebe-40dd-89bb-13c548275f65",
    "data": [
      {
        "text": "quero fazer parte do seu teste Beta",
        "userDefined": false
      }
    ],
    "isTemplate": false,
    "count": 0,
    "lang": "pt-br",
    "updated": 0
  },
  {
    "id": "68630413-c93d-4a68-a614-da66e8176fe5",
    "data": [
      {
        "text": "me dê sua versão Beta",
        "userDefined": false
      }
    ],
    "isTemplate": false,
    "count": 0,
    "lang": "pt-br",
    "updated": 0
  },
  {
    "id": "c1f9f71e-e6ff-4f0d-bb44-201dd50a8319",
    "data": [
      {
        "text": "mostrar sua versão beta",
        "userDefined": false
      }
    ],
    "isTemplate": false,
    "count": 0,
    "lang": "pt-br",
    "updated": 0
  },
  {
    "id": "b87e0aa8-0c13-4ce8-9b22-3408882cc2cf",
    "data": [
      {
        "text": "onde consigo seu app Beta",
        "userDefined": false
      }
    ],
    "isTemplate": false,
    "count": 0,
    "lang": "pt-br",
    "updated": 0
  }
]