[
  {
    "id": "8681f10b-dd40-44a1-8436-e75763a52b9d",
    "data": [
      {
        "text": "你的 ",
        "userDefined": false
      },
      {
        "text": "Facebook",
        "meta": "@media",
        "alias": "media",
        "userDefined": false
      },
      {
        "text": " 主页网址是什么？",
        "userDefined": false
      }
    ],
    "isTemplate": false,
    "count": 0,
    "lang": "zh-cn",
    "updated": 0
  },
  {
    "id": "ff2ecd84-2938-4a64-92fc-d9b42112d73f",
    "data": [
      {
        "text": "我想知道你的社交网站",
        "userDefined": false
      }
    ],
    "isTemplate": false,
    "count": 0,
    "lang": "zh-cn",
    "updated": 0
  },
  {
    "id": "6bd8dbc2-c4e2-40bd-87c4-3bb167889709",
    "data": [
      {
        "text": "给我说你",
        "userDefined": false
      },
      {
        "text": "的",
        "userDefined": false
      },
      {
        "text": "脸书",
        "meta": "@media",
        "alias": "media",
        "userDefined": false
      }
    ],
    "isTemplate": false,
    "count": 0,
    "lang": "zh-cn",
    "updated": 0
  },
  {
    "id": "3a9135ca-8acf-4114-a655-31eaa5c5c4ae",
    "data": [
      {
        "text": "告诉我你的",
        "userDefined": false
      },
      {
        "text": "微博",
        "meta": "@media",
        "alias": "media",
        "userDefined": true
      },
      {
        "text": "页面",
        "userDefined": false
      }
    ],
    "isTemplate": false,
    "count": 0,
    "lang": "zh-cn",
    "updated": 0
  },
  {
    "id": "6bb8656e-25dc-4c0b-88b6-1a5561f6db91",
    "data": [
      {
        "text": "告诉我你的社交网站",
        "userDefined": false
      }
    ],
    "isTemplate": false,
    "count": 0,
    "lang": "zh-cn",
    "updated": 0
  },
  {
    "id": "023d7b3a-6e7b-441e-ac32-e1774dd80ec3",
    "data": [
      {
        "text": "给我介绍你",
        "userDefined": false
      },
      {
        "text": "的",
        "userDefined": false
      },
      {
        "text": "推特",
        "meta": "@media",
        "alias": "media",
        "userDefined": false
      }
    ],
    "isTemplate": false,
    "count": 0,
    "lang": "zh-cn",
    "updated": 0
  },
  {
    "id": "18bd6466-f730-4b88-8255-5695538b72e7",
    "data": [
      {
        "text": "你的微博",
        "userDefined": false
      }
    ],
    "isTemplate": false,
    "count": 0,
    "lang": "zh-cn",
    "updated": 0
  },
  {
    "id": "10746c28-433f-4d8f-83b9-4c01f241ca48",
    "data": [
      {
        "text": "你有",
        "userDefined": false
      },
      {
        "text": "instagram",
        "meta": "@media",
        "alias": "media",
        "userDefined": true
      },
      {
        "text": "帐号吗",
        "userDefined": false
      }
    ],
    "isTemplate": false,
    "count": 0,
    "lang": "zh-cn",
    "updated": 0
  },
  {
    "id": "0d78ceba-7fec-42b7-b467-625f4f1cd57c",
    "data": [
      {
        "text": "你的社交网站",
        "userDefined": false
      }
    ],
    "isTemplate": false,
    "count": 0,
    "lang": "zh-cn",
    "updated": 0
  },
  {
    "id": "ec8d4e53-d1c9-4f96-9d62-ee413ed1fc5c",
    "data": [
      {
        "text": "你的社交网站 你那一个",
        "userDefined": false
      }
    ],
    "isTemplate": false,
    "count": 0,
    "lang": "zh-cn",
    "updated": 0
  },
  {
    "id": "3aa2870a-4200-4d1c-930e-ac9111ce1589",
    "data": [
      {
        "text": "你的脸书页面在哪里",
        "userDefined": false
      }
    ],
    "isTemplate": false,
    "count": 0,
    "lang": "zh-cn",
    "updated": 0
  },
  {
    "id": "2bf80b1b-3a8b-44b4-80ee-cd04db1ecab0",
    "data": [
      {
        "text": "我想访问你的",
        "userDefined": false
      },
      {
        "text": "instagram",
        "meta": "@media",
        "alias": "media",
        "userDefined": true
      },
      {
        "text": "网站",
        "userDefined": false
      }
    ],
    "isTemplate": false,
    "count": 0,
    "lang": "zh-cn",
    "updated": 0
  },
  {
    "id": "3c11388f-ff6d-4af2-8b95-f6e3f566717f",
    "data": [
      {
        "text": "我要知道你有社交网站对不对",
        "userDefined": false
      }
    ],
    "isTemplate": false,
    "count": 0,
    "lang": "zh-cn",
    "updated": 0
  },
  {
    "id": "8b3b8061-bae9-415c-b039-9c2f85fb2bc1",
    "data": [
      {
        "text": "你有",
        "userDefined": false
      },
      {
        "text": "脸书",
        "meta": "@media",
        "alias": "media",
        "userDefined": true
      },
      {
        "text": "页面吗",
        "userDefined": false
      }
    ],
    "isTemplate": false,
    "count": 0,
    "lang": "zh-cn",
    "updated": 0
  },
  {
    "id": "43f251bd-fd47-48ba-8b0a-77fd6003e2d3",
    "data": [
      {
        "text": "你的页面在",
        "userDefined": false
      },
      {
        "text": "脸书",
        "meta": "@media",
        "alias": "media",
        "userDefined": true
      }
    ],
    "isTemplate": false,
    "count": 0,
    "lang": "zh-cn",
    "updated": 0
  },
  {
    "id": "4ae1f8e3-54a3-4819-8c32-3b021d38fe9c",
    "data": [
      {
        "text": "你有 ",
        "userDefined": false
      },
      {
        "text": "Instagram",
        "meta": "@media",
        "alias": "media",
        "userDefined": false
      },
      {
        "text": " 帐号吗",
        "userDefined": false
      }
    ],
    "isTemplate": false,
    "count": 1,
    "lang": "zh-cn",
    "updated": 0
  },
  {
    "id": "ab15a4da-5f93-4521-a0a9-89e178ff0d16",
    "data": [
      {
        "text": "你有社交网站吗",
        "userDefined": false
      }
    ],
    "isTemplate": false,
    "count": 0,
    "lang": "zh-cn",
    "updated": 0
  },
  {
    "id": "119c6cde-dad4-4fa9-ad10-9988ca8a0a5b",
    "data": [
      {
        "text": "你有没有社交网站",
        "userDefined": false
      }
    ],
    "isTemplate": false,
    "count": 0,
    "lang": "zh-cn",
    "updated": 0
  },
  {
    "id": "8c7c491e-127c-4f63-8053-76dfa3645d2d",
    "data": [
      {
        "text": "你有用",
        "userDefined": false
      },
      {
        "text": "微博",
        "meta": "@media",
        "alias": "media",
        "userDefined": true
      },
      {
        "text": "吗",
        "userDefined": false
      }
    ],
    "isTemplate": false,
    "count": 0,
    "lang": "zh-cn",
    "updated": 0
  },
  {
    "id": "5dbe6698-7bd1-4651-a32b-99cf75676c00",
    "data": [
      {
        "text": "你有",
        "userDefined": false
      },
      {
        "text": "微博",
        "meta": "@media",
        "alias": "media",
        "userDefined": true
      },
      {
        "text": "帐号吗",
        "userDefined": false
      }
    ],
    "isTemplate": false,
    "count": 0,
    "lang": "zh-cn",
    "updated": 0
  },
  {
    "id": "0a903b06-061c-40df-96b7-8b335944d17b",
    "data": [
      {
        "text": "你的",
        "userDefined": false
      },
      {
        "text": "脸书",
        "meta": "@media",
        "alias": "media",
        "userDefined": true
      },
      {
        "text": "页面是什么",
        "userDefined": false
      }
    ],
    "isTemplate": false,
    "count": 0,
    "lang": "zh-cn",
    "updated": 0
  },
  {
    "id": "4af01942-3360-41b2-aa8a-15ac2f3c30d8",
    "data": [
      {
        "text": "打开你的",
        "userDefined": false
      },
      {
        "text": "脸书",
        "meta": "@media",
        "alias": "media",
        "userDefined": true
      },
      {
        "text": "页面",
        "userDefined": false
      }
    ],
    "isTemplate": false,
    "count": 0,
    "lang": "zh-cn",
    "updated": 0
  }
]