[
  {
    "id": "2a8c4f42-86cd-44a8-a903-8ca2d4ef8939",
    "data": [
      {
        "text": "dove posso trovare il numero di telefono del tuo sviluppatore",
        "userDefined": false
      }
    ],
    "isTemplate": false,
    "count": 0,
    "lang": "it",
    "updated": 0
  },
  {
    "id": "5fc5ecdc-8592-42b2-8d53-1bec6a6e914c",
    "data": [
      {
        "text": "il cellulare del mio sviluppatore",
        "userDefined": false
      }
    ],
    "isTemplate": false,
    "count": 0,
    "lang": "it",
    "updated": 0
  },
  {
    "id": "4c437785-c8a5-4232-b9b1-f6b70cf54912",
    "data": [
      {
        "text": "cerca il numero di telefono dei tuoi sviluppatori",
        "userDefined": false
      }
    ],
    "isTemplate": false,
    "count": 0,
    "lang": "it",
    "updated": 0
  },
  {
    "id": "baa8efce-efca-4e8b-aba5-72bf1ad9184d",
    "data": [
      {
        "text": "trova il numero di telefono del tuo creatore",
        "userDefined": false
      }
    ],
    "isTemplate": false,
    "count": 0,
    "lang": "it",
    "updated": 0
  },
  {
    "id": "1e23a591-742d-49a4-9792-53d902a93491",
    "data": [
      {
        "text": "il numero di telefono del tuo sviluppatore",
        "userDefined": false
      }
    ],
    "isTemplate": false,
    "count": 0,
    "lang": "it",
    "updated": 0
  },
  {
    "id": "fccfbee7-1716-4a73-ae14-886eb6e4c108",
    "data": [
      {
        "text": "il numero di cellulare del tuo developer",
        "userDefined": false
      }
    ],
    "isTemplate": false,
    "count": 0,
    "lang": "it",
    "updated": 0
  },
  {
    "id": "44c953f6-059f-438e-81e2-1266f5dcb70d",
    "data": [
      {
        "text": "trova il numero di telefono dei tuoi creatori",
        "userDefined": false
      }
    ],
    "isTemplate": false,
    "count": 0,
    "lang": "it",
    "updated": 0
  }
]