[
  {
    "id": "47511ef6-be7b-4aab-ae7d-47cc4d362770",
    "data": [
      {
        "text": "agora o Website",
        "userDefined": false
      }
    ],
    "isTemplate": false,
    "count": 0,
    "lang": "pt",
    "updated": 0
  },
  {
    "id": "cd33131b-5b06-4355-a0b0-3c5ca57eb80b",
    "data": [
      {
        "text": "e o seu Website",
        "userDefined": false
      }
    ],
    "isTemplate": false,
    "count": 1,
    "lang": "pt",
    "updated": 0
  },
  {
    "id": "3935e10f-c4e5-42c9-9b14-1a4034f515a0",
    "data": [
      {
        "text": "o site também",
        "userDefined": false
      }
    ],
    "isTemplate": false,
    "count": 0,
    "lang": "pt",
    "updated": 0
  },
  {
    "id": "68295f4b-bc72-48ea-843f-d300eba7236f",
    "data": [
      {
        "text": "o seu Website",
        "userDefined": false
      }
    ],
    "isTemplate": false,
    "count": 0,
    "lang": "pt",
    "updated": 0
  },
  {
    "id": "d1f13624-4df5-4b85-89ad-b45f48b6faa5",
    "data": [
      {
        "text": "Website",
        "userDefined": false
      }
    ],
    "isTemplate": false,
    "count": 0,
    "lang": "pt",
    "updated": 0
  },
  {
    "id": "ebe0ea86-8d47-4c67-afb6-e4814011cf9f",
    "data": [
      {
        "text": "Website agora",
        "userDefined": false
      }
    ],
    "isTemplate": false,
    "count": 0,
    "lang": "pt",
    "updated": 0
  },
  {
    "id": "a42e03bb-208b-4049-a30c-9ef431baabb4",
    "data": [
      {
        "text": "site também",
        "userDefined": false
      }
    ],
    "isTemplate": false,
    "count": 0,
    "lang": "pt",
    "updated": 0
  },
  {
    "id": "33c62045-cb3e-4a5c-9b1d-00848c5f498b",
    "data": [
      {
        "text": "o seu site",
        "userDefined": false
      }
    ],
    "isTemplate": false,
    "count": 0,
    "lang": "pt",
    "updated": 0
  },
  {
    "id": "aa22d693-7959-4978-bace-e1c26f37102d",
    "data": [
      {
        "text": "o Website também",
        "userDefined": false
      }
    ],
    "isTemplate": false,
    "count": 0,
    "lang": "pt",
    "updated": 0
  }
]