[
  {
    "id": "8b1f4ab5-05d1-4fec-9a16-73d6bdf46b09",
    "data": [
      {
        "text": "測試版本",
        "userDefined": false
      }
    ],
    "isTemplate": false,
    "count": 0,
    "lang": "zh-tw",
    "updated": 0
  },
  {
    "id": "4030ee20-8ed3-4745-b51a-674b05e7d3c9",
    "data": [
      {
        "text": "你有沒有測試版",
        "userDefined": false
      }
    ],
    "isTemplate": false,
    "count": 0,
    "lang": "zh-tw",
    "updated": 0
  },
  {
    "id": "f6e1244f-d550-4906-9bd3-b5e21fa1fb40",
    "data": [
      {
        "text": "我想成爲您的測試人員",
        "userDefined": false
      }
    ],
    "isTemplate": false,
    "count": 0,
    "lang": "zh-tw",
    "updated": 0
  },
  {
    "id": "35616c66-89bc-40a8-bb1f-edca95db7449",
    "data": [
      {
        "text": "你有測試版嗎",
        "userDefined": false
      }
    ],
    "isTemplate": false,
    "count": 0,
    "lang": "zh-tw",
    "updated": 0
  },
  {
    "id": "5dc38271-8402-45f9-b6e4-63f625c35c7b",
    "data": [
      {
        "text": "你有這測試版嗎",
        "userDefined": false
      }
    ],
    "isTemplate": false,
    "count": 0,
    "lang": "zh-tw",
    "updated": 0
  },
  {
    "id": "2750afcc-e48a-4c21-af0f-0dd8dc24dc92",
    "data": [
      {
        "text": "如何下載你的測試版",
        "userDefined": false
      }
    ],
    "isTemplate": false,
    "count": 0,
    "lang": "zh-tw",
    "updated": 0
  },
  {
    "id": "4b2493ce-5415-4210-af7f-7fc359b1ede5",
    "data": [
      {
        "text": "搜索您的測試版本",
        "userDefined": false
      }
    ],
    "isTemplate": false,
    "count": 0,
    "lang": "zh-tw",
    "updated": 0
  },
  {
    "id": "3ef5dee7-72c8-47e0-aa41-32dc26033830",
    "data": [
      {
        "text": "我想測試你的測試版本",
        "userDefined": false
      }
    ],
    "isTemplate": false,
    "count": 0,
    "lang": "zh-tw",
    "updated": 0
  },
  {
    "id": "8150ca4e-5fc0-4e9e-83c4-e11ec3fbcd1c",
    "data": [
      {
        "text": "參加你的測試版",
        "userDefined": false
      }
    ],
    "isTemplate": false,
    "count": 0,
    "lang": "zh-tw",
    "updated": 0
  },
  {
    "id": "5a99de8c-0040-4e6d-925d-11f9a3fcaaf8",
    "data": [
      {
        "text": "我想參加你的測試版",
        "userDefined": false
      }
    ],
    "isTemplate": false,
    "count": 0,
    "lang": "zh-tw",
    "updated": 0
  },
  {
    "id": "15c2ad09-a71c-4805-9ba4-f515dbcbb118",
    "data": [
      {
        "text": "你的測試版本",
        "userDefined": false
      }
    ],
    "isTemplate": false,
    "count": 0,
    "lang": "zh-tw",
    "updated": 0
  },
  {
    "id": "c3a96202-ba0c-40a6-a551-6f30454757d6",
    "data": [
      {
        "text": "我想加入 Beta 版測試組",
        "userDefined": false
      }
    ],
    "isTemplate": false,
    "count": 1,
    "lang": "zh-tw",
    "updated": 0
  },
  {
    "id": "13cce312-9dfe-4351-93d5-76ecb4ab3861",
    "data": [
      {
        "text": "你有測試版本嗎",
        "userDefined": false
      }
    ],
    "isTemplate": false,
    "count": 0,
    "lang": "zh-tw",
    "updated": 0
  },
  {
    "id": "bd875527-4b6c-46d8-bba3-cb617b4ee547",
    "data": [
      {
        "text": "下載捏的測試版",
        "userDefined": false
      }
    ],
    "isTemplate": false,
    "count": 0,
    "lang": "zh-tw",
    "updated": 0
  },
  {
    "id": "32d6a82c-803c-4bd3-b13e-12f34cc8457c",
    "data": [
      {
        "text": "關于測試版",
        "userDefined": false
      }
    ],
    "isTemplate": false,
    "count": 0,
    "lang": "zh-tw",
    "updated": 0
  },
  {
    "id": "143de745-4c04-4904-b3f1-5219a2c8c91e",
    "data": [
      {
        "text": "顯示您的測試版本",
        "userDefined": false
      }
    ],
    "isTemplate": false,
    "count": 0,
    "lang": "zh-tw",
    "updated": 0
  },
  {
    "id": "d118c27d-80bb-45e9-8971-7625eeb1e16b",
    "data": [
      {
        "text": "測試版本的應用程序",
        "userDefined": false
      }
    ],
    "isTemplate": false,
    "count": 0,
    "lang": "zh-tw",
    "updated": 0
  },
  {
    "id": "3203c540-f67c-4193-b9ca-6944859001f1",
    "data": [
      {
        "text": "你的測試版",
        "userDefined": false
      }
    ],
    "isTemplate": false,
    "count": 0,
    "lang": "zh-tw",
    "updated": 0
  },
  {
    "id": "6c636772-a977-41c5-af57-fc5b0c937213",
    "data": [
      {
        "text": "你的測試版在哪裏",
        "userDefined": false
      }
    ],
    "isTemplate": false,
    "count": 0,
    "lang": "zh-tw",
    "updated": 0
  },
  {
    "id": "eb94303f-a6fb-44d3-91e4-d6f5d802360d",
    "data": [
      {
        "text": "搜索你的測試版",
        "userDefined": false
      }
    ],
    "isTemplate": false,
    "count": 0,
    "lang": "zh-tw",
    "updated": 0
  },
  {
    "id": "c07cbe73-f6f3-4d7e-ab09-1dbbcb8ac437",
    "data": [
      {
        "text": "顯示你的測試版",
        "userDefined": false
      }
    ],
    "isTemplate": false,
    "count": 0,
    "lang": "zh-tw",
    "updated": 0
  },
  {
    "id": "b67e1c14-6982-4c4d-9144-b0afe5eafeb8",
    "data": [
      {
        "text": "在哪裏可以找到你的測試版本",
        "userDefined": false
      }
    ],
    "isTemplate": false,
    "count": 0,
    "lang": "zh-tw",
    "updated": 0
  }
]