[
  {
    "id": "3972be87-324b-49d2-814b-279963a344de",
    "data": [
      {
        "text": "还有",
        "userDefined": false
      },
      {
        "text": "麦克风问题",
        "meta": "@sys.any",
        "alias": "message",
        "userDefined": true
      }
    ],
    "isTemplate": false,
    "count": 0,
    "lang": "zh-cn",
    "updated": 0
  },
  {
    "id": "8d97257c-1c94-468f-a538-94e9ac21a088",
    "data": [
      {
        "text": "而且",
        "userDefined": false
      },
      {
        "text": "你只能在线工作",
        "meta": "@sys.any",
        "alias": "message",
        "userDefined": true
      }
    ],
    "isTemplate": false,
    "count": 0,
    "lang": "zh-cn",
    "updated": 0
  },
  {
    "id": "10dbb4bd-792a-4129-8d66-1655ce7219a4",
    "data": [
      {
        "text": "补充说",
        "userDefined": false
      },
      {
        "text": "我需要一个离线模式",
        "meta": "@sys.any",
        "alias": "message",
        "userDefined": true
      }
    ],
    "isTemplate": false,
    "count": 0,
    "lang": "zh-cn",
    "updated": 0
  },
  {
    "id": "b838a032-e860-4dd2-9744-79eae415856c",
    "data": [
      {
        "text": "并且",
        "userDefined": false
      },
      {
        "text": "我有问题",
        "userDefined": true
      }
    ],
    "isTemplate": false,
    "count": 0,
    "lang": "zh-cn",
    "updated": 0
  },
  {
    "id": "11de9d19-710d-4fb9-ba02-8f133b361358",
    "data": [
      {
        "text": "并且",
        "userDefined": false
      },
      {
        "text": "没有离线模式",
        "meta": "@sys.any",
        "alias": "message",
        "userDefined": true
      }
    ],
    "isTemplate": false,
    "count": 0,
    "lang": "zh-cn",
    "updated": 0
  },
  {
    "id": "25947342-dfca-465e-afaa-172123e12f43",
    "data": [
      {
        "text": "和",
        "userDefined": false
      },
      {
        "text": "麦克风问题",
        "meta": "@sys.any",
        "alias": "message",
        "userDefined": true
      }
    ],
    "isTemplate": false,
    "count": 0,
    "lang": "zh-cn",
    "updated": 0
  },
  {
    "id": "c1ab3b68-ea40-4c00-b693-a08ddb6eec2d",
    "data": [
      {
        "text": "添加",
        "userDefined": false
      },
      {
        "text": "不能脱机工作",
        "meta": "@sys.any",
        "alias": "message",
        "userDefined": true
      }
    ],
    "isTemplate": false,
    "count": 0,
    "lang": "zh-cn",
    "updated": 0
  },
  {
    "id": "c516d0c3-9392-46df-8c97-d611cd9d04f6",
    "data": [
      {
        "text": "并且",
        "userDefined": false
      },
      {
        "text": "来电显示不工作",
        "meta": "@sys.any",
        "alias": "message",
        "userDefined": true
      }
    ],
    "isTemplate": false,
    "count": 0,
    "lang": "zh-cn",
    "updated": 0
  },
  {
    "id": "4ab4f38e-9f94-4ad0-837c-d1ab9e004545",
    "data": [
      {
        "text": "麦克风也不起作用",
        "userDefined": false
      }
    ],
    "isTemplate": false,
    "count": 0,
    "lang": "zh-cn",
    "updated": 0
  },
  {
    "id": "8fb61dba-f851-40ad-933c-d5844a2461a3",
    "data": [
      {
        "text": "麦克风",
        "meta": "@sys.any",
        "alias": "message",
        "userDefined": true
      },
      {
        "text": "也不行",
        "userDefined": false
      }
    ],
    "isTemplate": false,
    "count": 0,
    "lang": "zh-cn",
    "updated": 0
  }
]