[
  {
    "id": "12d6de15-9bbd-4e7b-bfa9-71bafb194975",
    "data": [
      {
        "text": "tienes una versión beta",
        "userDefined": false
      }
    ],
    "isTemplate": false,
    "count": 0,
    "lang": "es",
    "updated": 0
  },
  {
    "id": "a9b18e16-4e04-4f9d-8b58-78f5470b5df0",
    "data": [
      {
        "text": "quisiera saber si tienes una versión beta",
        "userDefined": false
      }
    ],
    "isTemplate": false,
    "count": 0,
    "lang": "es",
    "updated": 0
  },
  {
    "id": "81f05def-f403-4d44-a9f8-4ffcd35bb1ef",
    "data": [
      {
        "text": "quiero participar en el grupo de prueba beta",
        "userDefined": false
      }
    ],
    "isTemplate": false,
    "count": 0,
    "lang": "es",
    "updated": 0
  },
  {
    "id": "48944bc7-a92c-492a-a65b-567a06c89859",
    "data": [
      {
        "text": "versión beta",
        "userDefined": false
      }
    ],
    "isTemplate": false,
    "count": 0,
    "lang": "es",
    "updated": 0
  },
  {
    "id": "b65fc198-8757-4b67-b904-8a68e639c3a1",
    "data": [
      {
        "text": "dime si tienes una versión beta",
        "userDefined": false
      }
    ],
    "isTemplate": false,
    "count": 0,
    "lang": "es",
    "updated": 0
  },
  {
    "id": "b886cc28-3796-4d8c-a422-572aaecc3490",
    "data": [
      {
        "text": "quiero que me digas si tienes una versión beta",
        "userDefined": false
      }
    ],
    "isTemplate": false,
    "count": 0,
    "lang": "es",
    "updated": 0
  },
  {
    "id": "184c0703-f8f4-4fe5-a109-661d0b54295b",
    "data": [
      {
        "text": "me gustaría saber si tienes una versión beta",
        "userDefined": false
      }
    ],
    "isTemplate": false,
    "count": 0,
    "lang": "es",
    "updated": 0
  },
  {
    "id": "4a43bf6c-ff86-4d71-ab52-8cb9c1302e37",
    "data": [
      {
        "text": "no tienes una versión beta",
        "userDefined": false
      }
    ],
    "isTemplate": false,
    "count": 0,
    "lang": "es",
    "updated": 0
  },
  {
    "id": "8ba8dfee-3679-452e-9ec0-dad27f237d87",
    "data": [
      {
        "text": "dónde puedo encontrar la versión beta de tu aplicación",
        "userDefined": false
      }
    ],
    "isTemplate": false,
    "count": 0,
    "lang": "es",
    "updated": 0
  },
  {
    "id": "1d6af4ef-68ac-457f-8c05-c9ed6939c682",
    "data": [
      {
        "text": "me podrías decir si tienes una versión beta",
        "userDefined": false
      }
    ],
    "isTemplate": false,
    "count": 0,
    "lang": "es",
    "updated": 0
  },
  {
    "id": "8d4cbc62-62ea-4e27-9ed1-6aa67c90b398",
    "data": [
      {
        "text": "cómo descargo tu versión beta",
        "userDefined": false
      }
    ],
    "isTemplate": false,
    "count": 0,
    "lang": "es",
    "updated": 0
  },
  {
    "id": "d27b998e-fb85-4d0a-88a7-1617b1975b1c",
    "data": [
      {
        "text": "versión beta de tu aplicación",
        "userDefined": false
      }
    ],
    "isTemplate": false,
    "count": 0,
    "lang": "es",
    "updated": 0
  }
]