[
  {
    "id": "ddc33daf-6d00-42b7-a867-36d050295bd7",
    "data": [
      {
        "text": "他們的電子郵件",
        "userDefined": false
      }
    ],
    "isTemplate": false,
    "count": 0,
    "lang": "zh-hk",
    "updated": 0
  },
  {
    "id": "77e853c9-26a0-42a0-aecf-d2b4a56cc006",
    "data": [
      {
        "text": "現在要他們的電子郵件",
        "userDefined": false
      }
    ],
    "isTemplate": false,
    "count": 0,
    "lang": "zh-hk",
    "updated": 0
  },
  {
    "id": "0abde454-3516-4850-81f4-db5cf11c19b2",
    "data": [
      {
        "text": "爲了他們的電子郵件",
        "userDefined": false
      }
    ],
    "isTemplate": false,
    "count": 0,
    "lang": "zh-hk",
    "updated": 0
  },
  {
    "id": "c30c0081-ce67-4f73-ac98-c402b9183e5c",
    "data": [
      {
        "text": "在要他們的電子郵件",
        "userDefined": false
      }
    ],
    "isTemplate": false,
    "count": 0,
    "lang": "zh-hk",
    "updated": 0
  },
  {
    "id": "9a202afa-3f9f-4283-bc77-07b6bc10dfad",
    "data": [
      {
        "text": "現在發郵件",
        "userDefined": false
      }
    ],
    "isTemplate": false,
    "count": 0,
    "lang": "zh-hk",
    "updated": 0
  },
  {
    "id": "b52664ae-0f47-406d-931e-11f4051e73f3",
    "data": [
      {
        "text": "怎麽能發郵件",
        "userDefined": false
      }
    ],
    "isTemplate": false,
    "count": 0,
    "lang": "zh-hk",
    "updated": 0
  },
  {
    "id": "4b8a2f26-654f-443f-88c3-48be8b78539d",
    "data": [
      {
        "text": "現在爲了他們的電子郵件",
        "userDefined": false
      }
    ],
    "isTemplate": false,
    "count": 0,
    "lang": "zh-hk",
    "updated": 0
  },
  {
    "id": "f2af6a79-e20e-4f0a-a4d8-8e797e9d91a8",
    "data": [
      {
        "text": "還要發郵件",
        "userDefined": false
      }
    ],
    "isTemplate": false,
    "count": 0,
    "lang": "zh-hk",
    "updated": 0
  },
  {
    "id": "6cabc637-5917-4fca-842f-fd70825da939",
    "data": [
      {
        "text": "會不會發郵件",
        "userDefined": false
      }
    ],
    "isTemplate": false,
    "count": 0,
    "lang": "zh-hk",
    "updated": 0
  },
  {
    "id": "931eb116-0930-4348-abfc-bc7b3b50985b",
    "data": [
      {
        "text": "關于發郵件",
        "userDefined": false
      }
    ],
    "isTemplate": false,
    "count": 0,
    "lang": "zh-hk",
    "updated": 0
  },
  {
    "id": "e6c81bcb-899d-49d8-ba15-70acdd41fc91",
    "data": [
      {
        "text": "我還要發郵件",
        "userDefined": false
      }
    ],
    "isTemplate": false,
    "count": 0,
    "lang": "zh-hk",
    "updated": 0
  },
  {
    "id": "dfec7612-6f6f-4e67-ab62-e379489a0b92",
    "data": [
      {
        "text": "現在他們的電子郵件",
        "userDefined": false
      }
    ],
    "isTemplate": false,
    "count": 0,
    "lang": "zh-hk",
    "updated": 0
  },
  {
    "id": "54f4d97e-8314-4570-87e3-39e3587c7768",
    "data": [
      {
        "text": "能不能發郵件",
        "userDefined": false
      }
    ],
    "isTemplate": false,
    "count": 0,
    "lang": "zh-hk",
    "updated": 0
  },
  {
    "id": "6d02b653-7186-4a62-a85b-08ed40a285b0",
    "data": [
      {
        "text": "還能不能發郵件",
        "userDefined": false
      }
    ],
    "isTemplate": false,
    "count": 0,
    "lang": "zh-hk",
    "updated": 0
  },
  {
    "id": "82a0fec3-00a6-40a7-bc96-9d1805ff4688",
    "data": [
      {
        "text": "還需要發郵件",
        "userDefined": false
      }
    ],
    "isTemplate": false,
    "count": 0,
    "lang": "zh-hk",
    "updated": 0
  },
  {
    "id": "a7a71a0c-6e75-44a2-b596-cef0cc859b14",
    "data": [
      {
        "text": "我還很想發郵件",
        "userDefined": false
      }
    ],
    "isTemplate": false,
    "count": 0,
    "lang": "zh-hk",
    "updated": 0
  },
  {
    "id": "a85bc916-4458-4cbd-bfba-59113b88193b",
    "data": [
      {
        "text": "爲他們的電子郵件",
        "userDefined": false
      }
    ],
    "isTemplate": false,
    "count": 0,
    "lang": "zh-hk",
    "updated": 0
  },
  {
    "id": "4e9b182f-e5bc-4adf-81a1-b44208df10da",
    "data": [
      {
        "text": "關于他們的電子郵件",
        "userDefined": false
      }
    ],
    "isTemplate": false,
    "count": 0,
    "lang": "zh-hk",
    "updated": 0
  }
]