[
  {
    "id": "f3e29aae-d86c-4637-921c-a6cef8291336",
    "data": [
      {
        "text": "还要网站",
        "userDefined": false
      }
    ],
    "isTemplate": false,
    "count": 0,
    "lang": "zh-cn",
    "updated": 0
  },
  {
    "id": "69bd6863-3b09-4bd4-ae2d-ab1c8bb8d9ca",
    "data": [
      {
        "text": "我还要网站",
        "userDefined": false
      }
    ],
    "isTemplate": false,
    "count": 0,
    "lang": "zh-cn",
    "updated": 0
  },
  {
    "id": "f0e60e5c-8e1e-49b1-8534-64c8c8be8f50",
    "data": [
      {
        "text": "现在网站",
        "userDefined": false
      }
    ],
    "isTemplate": false,
    "count": 0,
    "lang": "zh-cn",
    "updated": 0
  },
  {
    "id": "c9bee3cf-1c2b-42c9-a3fb-20e12341af24",
    "data": [
      {
        "text": "你",
        "userDefined": false
      },
      {
        "text": "的",
        "userDefined": false
      },
      {
        "text": "网络",
        "userDefined": false
      }
    ],
    "isTemplate": false,
    "count": 0,
    "lang": "zh-cn",
    "updated": 0
  },
  {
    "id": "f8e82524-0599-4723-9174-cbe4e8076be2",
    "data": [
      {
        "text": "还需要网站",
        "userDefined": false
      }
    ],
    "isTemplate": false,
    "count": 0,
    "lang": "zh-cn",
    "updated": 0
  },
  {
    "id": "b1f3ed0a-2135-4061-9007-f7c9ab312015",
    "data": [
      {
        "text": "会不会网站",
        "userDefined": false
      }
    ],
    "isTemplate": false,
    "count": 0,
    "lang": "zh-cn",
    "updated": 0
  },
  {
    "id": "a38ba486-b6cf-44a4-b819-ded643c19277",
    "data": [
      {
        "text": "还能不能网站",
        "userDefined": false
      }
    ],
    "isTemplate": false,
    "count": 0,
    "lang": "zh-cn",
    "updated": 0
  },
  {
    "id": "19b49fd7-8b58-4433-9a98-053424fdc8cf",
    "data": [
      {
        "text": "能不能网站",
        "userDefined": false
      }
    ],
    "isTemplate": false,
    "count": 0,
    "lang": "zh-cn",
    "updated": 0
  },
  {
    "id": "b868dfca-1fe7-4f43-89f6-63c0d04751f6",
    "data": [
      {
        "text": "我还很想网站",
        "userDefined": false
      }
    ],
    "isTemplate": false,
    "count": 0,
    "lang": "zh-cn",
    "updated": 0
  },
  {
    "id": "850aba2e-93b6-46b2-97e3-fc3cb84d704e",
    "data": [
      {
        "text": "关于网站",
        "userDefined": false
      }
    ],
    "isTemplate": false,
    "count": 0,
    "lang": "zh-cn",
    "updated": 0
  },
  {
    "id": "bb671463-76d3-4588-a014-9e97618f1b9a",
    "data": [
      {
        "text": "你",
        "userDefined": false
      },
      {
        "text": "的",
        "userDefined": false
      },
      {
        "text": "网",
        "userDefined": false
      },
      {
        "text": "站",
        "userDefined": false
      }
    ],
    "isTemplate": false,
    "count": 0,
    "lang": "zh-cn",
    "updated": 0
  },
  {
    "id": "0dffa89d-95c4-4d37-9377-a595e7f7e9c7",
    "data": [
      {
        "text": "怎么能网站",
        "userDefined": false
      }
    ],
    "isTemplate": false,
    "count": 0,
    "lang": "zh-cn",
    "updated": 0
  }
]