[
  {
    "id": "1cdfa81e-24ba-4f96-bc13-ed318ae67d71",
    "data": [
      {
        "text": "os seus programadores criaram mais alguma coisa",
        "userDefined": false
      }
    ],
    "isTemplate": false,
    "count": 0,
    "lang": "pt",
    "updated": 0
  },
  {
    "id": "ae525cfe-9196-4b6d-aae8-47378087ae43",
    "data": [
      {
        "text": "a sua empresa tem mais aplicações",
        "userDefined": false
      }
    ],
    "isTemplate": false,
    "count": 0,
    "lang": "pt",
    "updated": 0
  },
  {
    "id": "0bf33a84-012c-44e2-b774-ab4f01b5316e",
    "data": [
      {
        "text": "a sua empresa tem mais alguns produtos",
        "userDefined": false
      }
    ],
    "isTemplate": false,
    "count": 0,
    "lang": "pt",
    "updated": 0
  },
  {
    "id": "26434089-1812-46eb-af17-cd70ec0bc555",
    "data": [
      {
        "text": "o que é que a sua empresa desenvolve",
        "userDefined": false
      }
    ],
    "isTemplate": false,
    "count": 0,
    "lang": "pt",
    "updated": 0
  },
  {
    "id": "ce7eac0a-7c71-44a0-8429-cb8559e8bf3a",
    "data": [
      {
        "text": "o que é que a sua empresa cria",
        "userDefined": false
      }
    ],
    "isTemplate": false,
    "count": 0,
    "lang": "pt",
    "updated": 0
  },
  {
    "id": "50e380bc-4773-42b8-84f3-55e95d0099cc",
    "data": [
      {
        "text": "a sua empresa desenvolve mais alguma coisa",
        "userDefined": false
      }
    ],
    "isTemplate": false,
    "count": 0,
    "lang": "pt",
    "updated": 0
  },
  {
    "id": "4ad0f4d6-fccc-4215-8a8b-fe56194ace39",
    "data": [
      {
        "text": "qual é o produto mais vendido pela sua empresa",
        "userDefined": false
      }
    ],
    "isTemplate": false,
    "count": 0,
    "lang": "pt",
    "updated": 0
  },
  {
    "id": "c581671d-7294-487a-b927-9e8c99acc37f",
    "data": [
      {
        "text": "o que fazem os seus programadores",
        "userDefined": false
      }
    ],
    "isTemplate": false,
    "count": 0,
    "lang": "pt",
    "updated": 0
  },
  {
    "id": "809b1886-cb47-4e51-8370-9c545d80f228",
    "data": [
      {
        "text": "o que mais fazem os seus programadores",
        "userDefined": false
      }
    ],
    "isTemplate": false,
    "count": 1,
    "lang": "pt",
    "updated": 0
  }
]