[
  {
    "id": "2a5c82c4-4266-44b9-be7f-5ec39fe201fc",
    "data": [
      {
        "text": "關于你的",
        "userDefined": false
      },
      {
        "text": "推特",
        "meta": "@media",
        "alias": "media",
        "userDefined": false
      }
    ],
    "isTemplate": false,
    "count": 0,
    "lang": "zh-tw",
    "updated": 0
  },
  {
    "id": "6546ffa6-a84a-4b4a-bd7d-6c1982caaf2b",
    "data": [
      {
        "text": "怎麽能給我看你的",
        "userDefined": false
      },
      {
        "text": "丁香園",
        "meta": "@media",
        "alias": "media",
        "userDefined": false
      }
    ],
    "isTemplate": false,
    "count": 0,
    "lang": "zh-tw",
    "updated": 0
  },
  {
    "id": "0857cc98-24b2-4949-9414-35d773d01d0b",
    "data": [
      {
        "text": "我還要你的",
        "userDefined": false
      },
      {
        "text": "instagram",
        "meta": "@media",
        "alias": "media",
        "userDefined": false
      }
    ],
    "isTemplate": false,
    "count": 0,
    "lang": "zh-tw",
    "updated": 0
  },
  {
    "id": "40b1fba6-df0c-4bb6-bfa0-66d7b8fd96b1",
    "data": [
      {
        "text": "還能不能給我看你的",
        "userDefined": false
      },
      {
        "text": "開心網",
        "meta": "@media",
        "alias": "media",
        "userDefined": false
      }
    ],
    "isTemplate": false,
    "count": 0,
    "lang": "zh-tw",
    "updated": 0
  },
  {
    "id": "abf47603-8c46-45be-a9ea-c0cc35d4c6db",
    "data": [
      {
        "text": "你的",
        "userDefined": false
      },
      {
        "text": "推特",
        "meta": "@media",
        "alias": "media",
        "userDefined": true
      }
    ],
    "isTemplate": false,
    "count": 0,
    "lang": "zh-tw",
    "updated": 0
  },
  {
    "id": "e86c93df-2aee-4ea2-99c9-f20a077ef724",
    "data": [
      {
        "text": "會不會給我看你的",
        "userDefined": false
      },
      {
        "text": "豆瓣",
        "meta": "@media",
        "alias": "media",
        "userDefined": false
      }
    ],
    "isTemplate": false,
    "count": 0,
    "lang": "zh-tw",
    "updated": 0
  },
  {
    "id": "75679cd2-08c9-4bb7-a64b-9b534d034be4",
    "data": [
      {
        "text": "我還很想看你的",
        "userDefined": false
      },
      {
        "text": "新浪微博",
        "meta": "@media",
        "alias": "media",
        "userDefined": false
      }
    ],
    "isTemplate": false,
    "count": 0,
    "lang": "zh-tw",
    "updated": 0
  },
  {
    "id": "c8366431-c594-4fa0-b5fb-0b61475fee2f",
    "data": [
      {
        "text": "能不能給我看你的",
        "userDefined": false
      },
      {
        "text": "街旁",
        "meta": "@media",
        "alias": "media",
        "userDefined": false
      }
    ],
    "isTemplate": false,
    "count": 0,
    "lang": "zh-tw",
    "updated": 0
  },
  {
    "id": "f6c35f60-e91a-4da0-bded-c21bde408668",
    "data": [
      {
        "text": "還要你的",
        "userDefined": false
      },
      {
        "text": "微博",
        "meta": "@media",
        "alias": "media",
        "userDefined": false
      }
    ],
    "isTemplate": false,
    "count": 0,
    "lang": "zh-tw",
    "updated": 0
  },
  {
    "id": "06faeff7-2df8-43d7-9270-a7d56834c83d",
    "data": [
      {
        "text": "你",
        "userDefined": false
      },
      {
        "text": "的",
        "userDefined": false
      },
      {
        "text": "臉書",
        "meta": "@media",
        "alias": "media",
        "userDefined": true
      }
    ],
    "isTemplate": false,
    "count": 0,
    "lang": "zh-tw",
    "updated": 0
  },
  {
    "id": "8332e46b-872d-43b0-9288-9f5c54c7ed76",
    "data": [
      {
        "text": "現在你的",
        "userDefined": false
      },
      {
        "text": "臉書",
        "meta": "@media",
        "alias": "media",
        "userDefined": false
      }
    ],
    "isTemplate": false,
    "count": 0,
    "lang": "zh-tw",
    "updated": 0
  }
]