[
  {
    "id": "4cd23ec8-ab8a-4038-aff4-22409567fb46",
    "data": [
      {
        "text": "o website agora",
        "userDefined": false
      }
    ],
    "isTemplate": false,
    "count": 0,
    "lang": "pt-br",
    "updated": 0
  },
  {
    "id": "72f1e350-f2ec-40ec-a594-b5481dfab355",
    "data": [
      {
        "text": "website",
        "userDefined": false
      }
    ],
    "isTemplate": false,
    "count": 0,
    "lang": "pt-br",
    "updated": 0
  },
  {
    "id": "6e08de99-06ef-41e0-99c3-7dcf116aa0d6",
    "data": [
      {
        "text": "e seu website",
        "userDefined": false
      }
    ],
    "isTemplate": false,
    "count": 1,
    "lang": "pt-br",
    "updated": 0
  },
  {
    "id": "a3116240-0f6f-4f7d-a879-1c884bf9da54",
    "data": [
      {
        "text": "seu website",
        "userDefined": false
      }
    ],
    "isTemplate": false,
    "count": 0,
    "lang": "pt-br",
    "updated": 0
  },
  {
    "id": "6663a327-083c-4640-b8fc-36aee7e0ea00",
    "data": [
      {
        "text": "agora o website",
        "userDefined": false
      }
    ],
    "isTemplate": false,
    "count": 0,
    "lang": "pt-br",
    "updated": 0
  },
  {
    "id": "0f55814f-fa31-4478-bbee-c9498d02014a",
    "data": [
      {
        "text": "o site também",
        "userDefined": false
      }
    ],
    "isTemplate": false,
    "count": 0,
    "lang": "pt-br",
    "updated": 0
  },
  {
    "id": "1e1c30ec-663f-4d73-a809-59b8f63512cc",
    "data": [
      {
        "text": "assim como o site",
        "userDefined": false
      }
    ],
    "isTemplate": false,
    "count": 0,
    "lang": "pt-br",
    "updated": 0
  },
  {
    "id": "d11cb3ef-c441-46db-b46d-f44602a78c23",
    "data": [
      {
        "text": "o website também",
        "userDefined": false
      }
    ],
    "isTemplate": false,
    "count": 0,
    "lang": "pt-br",
    "updated": 0
  },
  {
    "id": "0068ff6c-3455-4162-a4e9-5b5427e81703",
    "data": [
      {
        "text": "seu site",
        "userDefined": false
      }
    ],
    "isTemplate": false,
    "count": 0,
    "lang": "pt-br",
    "updated": 0
  }
]