[
  {
    "id": "b348359e-17d2-4cb7-a29d-8ff13d7ac13b",
    "data": [
      {
        "text": "你的",
        "userDefined": false
      },
      {
        "text": "推特",
        "meta": "@media",
        "alias": "media",
        "userDefined": true
      }
    ],
    "isTemplate": false,
    "count": 0,
    "lang": "zh-hk",
    "updated": 0
  },
  {
    "id": "5e250872-5722-4e5f-ac17-6b0897ed2cb7",
    "data": [
      {
        "text": "還要你的",
        "userDefined": false
      },
      {
        "text": "微博",
        "meta": "@media",
        "alias": "media",
        "userDefined": false
      }
    ],
    "isTemplate": false,
    "count": 0,
    "lang": "zh-hk",
    "updated": 0
  },
  {
    "id": "35972f51-1db0-4a82-b073-ea0209277c02",
    "data": [
      {
        "text": "我還要你的",
        "userDefined": false
      },
      {
        "text": "instagram",
        "meta": "@media",
        "alias": "media",
        "userDefined": false
      }
    ],
    "isTemplate": false,
    "count": 0,
    "lang": "zh-hk",
    "updated": 0
  },
  {
    "id": "d4afe388-dd44-43ef-b43b-767cf8a43331",
    "data": [
      {
        "text": "關于你的",
        "userDefined": false
      },
      {
        "text": "推特",
        "meta": "@media",
        "alias": "media",
        "userDefined": false
      }
    ],
    "isTemplate": false,
    "count": 0,
    "lang": "zh-hk",
    "updated": 0
  },
  {
    "id": "3e9def60-6cff-4574-b9ef-682ca3dae7ac",
    "data": [
      {
        "text": "怎麽能給我看你的",
        "userDefined": false
      },
      {
        "text": "丁香園",
        "meta": "@media",
        "alias": "media",
        "userDefined": false
      }
    ],
    "isTemplate": false,
    "count": 0,
    "lang": "zh-hk",
    "updated": 0
  },
  {
    "id": "e3a444e4-7817-4b64-a083-27d4e0022843",
    "data": [
      {
        "text": "現在你的",
        "userDefined": false
      },
      {
        "text": "臉書",
        "meta": "@media",
        "alias": "media",
        "userDefined": false
      }
    ],
    "isTemplate": false,
    "count": 0,
    "lang": "zh-hk",
    "updated": 0
  },
  {
    "id": "80ba44af-0abc-4a4d-a2e2-78338e7da706",
    "data": [
      {
        "text": "能不能給我看你的",
        "userDefined": false
      },
      {
        "text": "街旁",
        "meta": "@media",
        "alias": "media",
        "userDefined": false
      }
    ],
    "isTemplate": false,
    "count": 0,
    "lang": "zh-hk",
    "updated": 0
  },
  {
    "id": "8cd546d7-b850-4c2a-be8e-5c7ff8388b18",
    "data": [
      {
        "text": "會不會給我看你的",
        "userDefined": false
      },
      {
        "text": "豆瓣",
        "meta": "@media",
        "alias": "media",
        "userDefined": false
      }
    ],
    "isTemplate": false,
    "count": 0,
    "lang": "zh-hk",
    "updated": 0
  },
  {
    "id": "cdcf4db1-21f9-481d-bbee-35aabc8909eb",
    "data": [
      {
        "text": "你",
        "userDefined": false
      },
      {
        "text": "的",
        "userDefined": false
      },
      {
        "text": "臉書",
        "meta": "@media",
        "alias": "media",
        "userDefined": true
      }
    ],
    "isTemplate": false,
    "count": 0,
    "lang": "zh-hk",
    "updated": 0
  },
  {
    "id": "4878cf2d-7df8-45ce-8f51-aba4afd482da",
    "data": [
      {
        "text": "還能不能給我看你的",
        "userDefined": false
      },
      {
        "text": "開心網",
        "meta": "@media",
        "alias": "media",
        "userDefined": false
      }
    ],
    "isTemplate": false,
    "count": 0,
    "lang": "zh-hk",
    "updated": 0
  },
  {
    "id": "c18de894-ac68-440c-a2b1-f102f6d1fab5",
    "data": [
      {
        "text": "我還很想看你的",
        "userDefined": false
      },
      {
        "text": "新浪微博",
        "meta": "@media",
        "alias": "media",
        "userDefined": false
      }
    ],
    "isTemplate": false,
    "count": 0,
    "lang": "zh-hk",
    "updated": 0
  }
]