[
  {
    "id": "e0617805-f5d2-4009-8870-7612eeee4748",
    "data": [
      {
        "text": "dame el contacto telefónico de tus diseñadores",
        "userDefined": false
      }
    ],
    "isTemplate": false,
    "count": 0,
    "lang": "es",
    "updated": 0
  },
  {
    "id": "e6702fca-256c-4ac8-b1be-8d389301d8e5",
    "data": [
      {
        "text": "contáctame a tus creadores vía teléfono",
        "userDefined": false
      }
    ],
    "isTemplate": false,
    "count": 0,
    "lang": "es",
    "updated": 0
  },
  {
    "id": "fcb35acf-fb4c-460b-9e4f-0377fe849598",
    "data": [
      {
        "text": "ponme en contacto con tus creadores por teléfono",
        "userDefined": false
      }
    ],
    "isTemplate": false,
    "count": 0,
    "lang": "es",
    "updated": 0
  },
  {
    "id": "86bf7aa0-4283-4c0e-b047-e0253b49a1b8",
    "data": [
      {
        "text": "me podrías dar el número de teléfono de tus creadores",
        "userDefined": false
      }
    ],
    "isTemplate": false,
    "count": 0,
    "lang": "es",
    "updated": 0
  },
  {
    "id": "c9effaab-503c-4372-84ed-31a7e1dfda3b",
    "data": [
      {
        "text": "me gustaría hablar con tus desarrolladores por teléfono",
        "userDefined": false
      }
    ],
    "isTemplate": false,
    "count": 0,
    "lang": "es",
    "updated": 0
  },
  {
    "id": "64c7b399-21e8-464a-81b4-9df8c482eb0b",
    "data": [
      {
        "text": "dame el número de teléfono de tus diseñadores",
        "userDefined": false
      }
    ],
    "isTemplate": false,
    "count": 0,
    "lang": "es",
    "updated": 0
  },
  {
    "id": "787e3253-763e-465f-adbd-f306df059945",
    "data": [
      {
        "text": "puedo llamar a tus creadores",
        "userDefined": false
      }
    ],
    "isTemplate": false,
    "count": 0,
    "lang": "es",
    "updated": 0
  },
  {
    "id": "7b109eca-2f18-4ed7-84fb-acba95ef154b",
    "data": [
      {
        "text": "necesito contactar a tus creadores por teléfono",
        "userDefined": false
      }
    ],
    "isTemplate": false,
    "count": 0,
    "lang": "es",
    "updated": 0
  },
  {
    "id": "29611764-a452-4544-8e4c-5584a0184b98",
    "data": [
      {
        "text": "quiero ponerme en contacto con tus creadores por teléfono",
        "userDefined": false
      }
    ],
    "isTemplate": false,
    "count": 0,
    "lang": "es",
    "updated": 0
  },
  {
    "id": "31f6632a-833a-41ed-9eb6-ca8bd9fdf6d2",
    "data": [
      {
        "text": "encuentra el número de teléfono de tus creadores",
        "userDefined": false
      }
    ],
    "isTemplate": false,
    "count": 0,
    "lang": "es",
    "updated": 0
  },
  {
    "id": "819f019e-2333-4240-a030-db0c59dc16ca",
    "data": [
      {
        "text": "quisiera contactar con tus desarrolladores por teléfono",
        "userDefined": false
      }
    ],
    "isTemplate": false,
    "count": 0,
    "lang": "es",
    "updated": 0
  },
  {
    "id": "940e308d-cba8-4778-9ddb-69b1b55b193b",
    "data": [
      {
        "text": "dime el número de teléfono de tus creadores",
        "userDefined": false
      }
    ],
    "isTemplate": false,
    "count": 0,
    "lang": "es",
    "updated": 0
  }
]