[
  {
    "id": "34db4eed-ce4e-4d48-9c72-9d4e11a4e797",
    "data": [
      {
        "text": "onde seus desenvolvedores trabalham",
        "userDefined": false
      }
    ],
    "isTemplate": false,
    "count": 0,
    "lang": "pt-br",
    "updated": 0
  },
  {
    "id": "6763905d-91ae-4019-a96d-67311a94caad",
    "data": [
      {
        "text": "preciso do endereço da sua empresa",
        "userDefined": false
      }
    ],
    "isTemplate": false,
    "count": 0,
    "lang": "pt-br",
    "updated": 0
  },
  {
    "id": "814f86f3-6b19-4358-9137-0cbc9ddd6551",
    "data": [
      {
        "text": "me dê o endereço dos seus desenvolvedores",
        "userDefined": false
      }
    ],
    "isTemplate": false,
    "count": 0,
    "lang": "pt-br",
    "updated": 0
  },
  {
    "id": "4785fd66-617f-4b47-9606-94e1978c8e5f",
    "data": [
      {
        "text": "endereço do escritório dos seus desenvolvedores",
        "userDefined": false
      }
    ],
    "isTemplate": false,
    "count": 0,
    "lang": "pt-br",
    "updated": 0
  },
  {
    "id": "fc2cd4c8-2247-486b-96e4-4951d1b2ec6b",
    "data": [
      {
        "text": "onde posso encontrar o endereço da sua empresa",
        "userDefined": false
      }
    ],
    "isTemplate": false,
    "count": 0,
    "lang": "pt-br",
    "updated": 0
  },
  {
    "id": "1343ba57-de3e-4b61-b97f-3c1de16a70e2",
    "data": [
      {
        "text": "forneça o endereço dos seus desenvolvedores",
        "userDefined": false
      }
    ],
    "isTemplate": false,
    "count": 0,
    "lang": "pt-br",
    "updated": 0
  },
  {
    "id": "81f8097e-d4d9-4e4e-8f54-d2a08d094fd7",
    "data": [
      {
        "text": "me conte o endereço dos seus desenvolvedores",
        "userDefined": false
      }
    ],
    "isTemplate": false,
    "count": 0,
    "lang": "pt-br",
    "updated": 0
  },
  {
    "id": "989638b7-24fb-4316-8c19-861914e46968",
    "data": [
      {
        "text": "quero saber onde fica o escritório principal da sua empresa",
        "userDefined": false
      }
    ],
    "isTemplate": false,
    "count": 0,
    "lang": "pt-br",
    "updated": 0
  },
  {
    "id": "89f9d939-3e26-42a0-82e1-1fb93de909ed",
    "data": [
      {
        "text": "você poderia me dizer o endereço dos seus desenvolvedores",
        "userDefined": false
      }
    ],
    "isTemplate": false,
    "count": 0,
    "lang": "pt-br",
    "updated": 0
  },
  {
    "id": "e3cc7a65-e377-43a5-b690-2e179b889311",
    "data": [
      {
        "text": "mostre onde fica o escritório dos seus desenvolvedores",
        "userDefined": false
      }
    ],
    "isTemplate": false,
    "count": 0,
    "lang": "pt-br",
    "updated": 0
  }
]