[
  {
    "id": "6dd1aeaa-dd77-422d-bfc5-67dfc5ec1c48",
    "data": [
      {
        "text": "デベロッパーのメールアドレスを教えてください",
        "userDefined": false
      }
    ],
    "isTemplate": false,
    "count": 0,
    "lang": "ja",
    "updated": 0
  },
  {
    "id": "270a4bad-7c51-4e39-8c3a-9421cd8f5677",
    "data": [
      {
        "text": "デベロッパーのメールアドレスを教えて",
        "userDefined": false
      }
    ],
    "isTemplate": false,
    "count": 0,
    "lang": "ja",
    "updated": 0
  },
  {
    "id": "58e00900-2819-41da-9737-ceb9a6bad637",
    "data": [
      {
        "text": "デベロッパーにメールを送信してもいいですか",
        "userDefined": false
      }
    ],
    "isTemplate": false,
    "count": 0,
    "lang": "ja",
    "updated": 0
  },
  {
    "id": "9e2dda3d-be02-4c64-8ce3-f0ea4945f848",
    "data": [
      {
        "text": "開発者のメールアドレスは何ですか",
        "userDefined": false
      }
    ],
    "isTemplate": false,
    "count": 0,
    "lang": "ja",
    "updated": 0
  },
  {
    "id": "f25323dd-9d49-4edd-a295-039b94bf628d",
    "data": [
      {
        "text": "デベロッパーのメールアドレスを教えていただけますか",
        "userDefined": false
      }
    ],
    "isTemplate": false,
    "count": 0,
    "lang": "ja",
    "updated": 0
  },
  {
    "id": "6328cc47-aef6-4984-a181-c997bd2dfb41",
    "data": [
      {
        "text": "デベロッパーのメールアドレスを知らせて",
        "userDefined": false
      }
    ],
    "isTemplate": false,
    "count": 0,
    "lang": "ja",
    "updated": 0
  },
  {
    "id": "60cd93be-91a0-44b9-9ea1-3c352849bf65",
    "data": [
      {
        "text": "デベロッパーに連絡をとりたいのでメールアドレスを教えて",
        "userDefined": false
      }
    ],
    "isTemplate": false,
    "count": 0,
    "lang": "ja",
    "updated": 0
  },
  {
    "id": "8177b3e2-a3a3-4c75-9a6a-19b74d73306e",
    "data": [
      {
        "text": "あなたの作成者にメールする方法",
        "userDefined": false
      }
    ],
    "isTemplate": false,
    "count": 0,
    "lang": "ja",
    "updated": 0
  },
  {
    "id": "8b963eb9-181a-4131-bdb4-426782e78a30",
    "data": [
      {
        "text": "デベロッパー宛てにメールを書きたい",
        "userDefined": false
      }
    ],
    "isTemplate": false,
    "count": 0,
    "lang": "ja",
    "updated": 0
  },
  {
    "id": "74602064-c6bf-44a3-ae19-f9016f65bb17",
    "data": [
      {
        "text": "デベロッパーに問い合わせたいのでメールアドレスを教えてください",
        "userDefined": false
      }
    ],
    "isTemplate": false,
    "count": 1,
    "lang": "ja",
    "updated": 0
  }
]