[
  {
    "id": "653f6988-f884-42ff-a728-ad51bd1ac55f",
    "data": [
      {
        "text": "ora il loro cellulare",
        "userDefined": false
      }
    ],
    "isTemplate": false,
    "count": 0,
    "lang": "it",
    "updated": 0
  },
  {
    "id": "daf06f71-ff8e-40f7-a909-245758e5732d",
    "data": [
      {
        "text": "posso anche chiamarli",
        "userDefined": false
      }
    ],
    "isTemplate": false,
    "count": 0,
    "lang": "it",
    "updated": 0
  },
  {
    "id": "9f3d1257-c81d-4b26-a0ca-c83b519eeac5",
    "data": [
      {
        "text": "anche il loro numero di telefono",
        "userDefined": false
      }
    ],
    "isTemplate": false,
    "count": 0,
    "lang": "it",
    "updated": 0
  },
  {
    "id": "6031994f-1b0a-42df-b570-154a1b6947d6",
    "data": [
      {
        "text": "ho bisogno anche del numero di telefono",
        "userDefined": false
      }
    ],
    "isTemplate": false,
    "count": 0,
    "lang": "it",
    "updated": 0
  },
  {
    "id": "388e7914-337b-49ec-879f-31e77db5414b",
    "data": [
      {
        "text": "e il loro numero di telefono",
        "userDefined": false
      }
    ],
    "isTemplate": false,
    "count": 0,
    "lang": "it",
    "updated": 0
  },
  {
    "id": "407d477a-4ee9-443f-be53-033b5a0e0f85",
    "data": [
      {
        "text": "mi serve anche il cellulare",
        "userDefined": false
      }
    ],
    "isTemplate": false,
    "count": 0,
    "lang": "it",
    "updated": 0
  },
  {
    "id": "0e1d1445-a4a9-4aa0-9ef3-c9c1f6c1868f",
    "data": [
      {
        "text": "anche il numero di telefono",
        "userDefined": false
      }
    ],
    "isTemplate": false,
    "count": 0,
    "lang": "it",
    "updated": 0
  },
  {
    "id": "1f5ac74b-5a73-4cf1-a895-ee00261b85fe",
    "data": [
      {
        "text": "e il numero",
        "userDefined": false
      }
    ],
    "isTemplate": false,
    "count": 0,
    "lang": "it",
    "updated": 0
  }
]