[
  {
    "id": "12b980c1-ea7d-4e1a-a170-59a5b1440f62",
    "data": [
      {
        "text": "あなたのウェブサイトにアクセスするにはどうすればよいですか",
        "userDefined": false
      }
    ],
    "isTemplate": false,
    "count": 0,
    "lang": "ja",
    "updated": 0
  },
  {
    "id": "367aabfa-05ee-4a5f-8d9b-63a24e3839db",
    "data": [
      {
        "text": "会社のサイトを開いてください",
        "userDefined": false
      }
    ],
    "isTemplate": false,
    "count": 0,
    "lang": "ja",
    "updated": 0
  },
  {
    "id": "92065c68-2b6a-43d9-aa10-02fbc1f9729f",
    "data": [
      {
        "text": "あなたのサイトを開いてください",
        "userDefined": false
      }
    ],
    "isTemplate": false,
    "count": 2,
    "lang": "ja",
    "updated": 0
  },
  {
    "id": "a8df7493-cb8f-4d6e-bee2-8787d1ebe51d",
    "data": [
      {
        "text": "あなたのウェブサイトを開いてください",
        "userDefined": false
      }
    ],
    "isTemplate": false,
    "count": 0,
    "lang": "ja",
    "updated": 0
  },
  {
    "id": "82360803-9483-42bb-809c-cae6aa01a652",
    "data": [
      {
        "text": "あなたのウェブサイトを見せてください",
        "userDefined": false
      }
    ],
    "isTemplate": false,
    "count": 0,
    "lang": "ja",
    "updated": 0
  },
  {
    "id": "facbc84a-3762-486f-9292-967d5887c805",
    "data": [
      {
        "text": "会社のウェブサイトはどこにありますか",
        "userDefined": false
      }
    ],
    "isTemplate": false,
    "count": 0,
    "lang": "ja",
    "updated": 0
  },
  {
    "id": "dd583a17-1332-4aeb-b164-5177f8a60eab",
    "data": [
      {
        "text": "ウェブサイトをお持ちですか",
        "userDefined": false
      }
    ],
    "isTemplate": false,
    "count": 0,
    "lang": "ja",
    "updated": 0
  },
  {
    "id": "686bdd0d-bcb0-4e32-8e86-8453cd4699a2",
    "data": [
      {
        "text": "ウェブサイトがありますか",
        "userDefined": false
      }
    ],
    "isTemplate": false,
    "count": 0,
    "lang": "ja",
    "updated": 0
  },
  {
    "id": "f4ccd813-6a2a-41ff-a724-b635430b3bc5",
    "data": [
      {
        "text": "あなたのウェブサイト",
        "userDefined": false
      }
    ],
    "isTemplate": false,
    "count": 0,
    "lang": "ja",
    "updated": 0
  },
  {
    "id": "c22c4b74-2343-4251-bcad-963890113ad4",
    "data": [
      {
        "text": "あなたのウェブサイトを表示して",
        "userDefined": false
      }
    ],
    "isTemplate": false,
    "count": 0,
    "lang": "ja",
    "updated": 0
  },
  {
    "id": "eee093b7-8763-4ef5-bd09-366b443b319b",
    "data": [
      {
        "text": "デベロッパーのウェブサイトを教えてください",
        "userDefined": false
      }
    ],
    "isTemplate": false,
    "count": 1,
    "lang": "ja",
    "updated": 0
  }
]