[
  {
    "id": "c1fd8101-c62a-44f2-8100-a2b03a59d6f2",
    "data": [
      {
        "text": "アプリの名前は何ですか",
        "userDefined": false
      }
    ],
    "isTemplate": false,
    "count": 1,
    "lang": "ja",
    "updated": 0
  },
  {
    "id": "e5060a96-2293-4967-ac7b-f45f90c5dd8b",
    "data": [
      {
        "text": "アプリの名前を教えてください",
        "userDefined": false
      }
    ],
    "isTemplate": false,
    "count": 0,
    "lang": "ja",
    "updated": 0
  },
  {
    "id": "4e5b9f5d-3389-4f2f-a385-b85a7a36036c",
    "data": [
      {
        "text": "アプリケーション名は何ですか",
        "userDefined": false
      }
    ],
    "isTemplate": false,
    "count": 2,
    "lang": "ja",
    "updated": 0
  },
  {
    "id": "d2502761-60bb-49df-afaa-61094163641c",
    "data": [
      {
        "text": "アプリの名前を知るにはどうすればよいですか",
        "userDefined": false
      }
    ],
    "isTemplate": false,
    "count": 1,
    "lang": "ja",
    "updated": 0
  },
  {
    "id": "ea42f201-72ec-42f9-be06-964cb2a1082d",
    "data": [
      {
        "text": "アプリ名をお知らせください",
        "userDefined": false
      }
    ],
    "isTemplate": false,
    "count": 0,
    "lang": "ja",
    "updated": 0
  },
  {
    "id": "0aed046b-921c-4f24-84f3-f816fb2d2d31",
    "data": [
      {
        "text": "アプリの名称",
        "userDefined": false
      }
    ],
    "isTemplate": false,
    "count": 0,
    "lang": "ja",
    "updated": 0
  },
  {
    "id": "64fdb1d6-1456-4568-a699-7e1f7b83bb69",
    "data": [
      {
        "text": "アプリの名前",
        "userDefined": false
      }
    ],
    "isTemplate": false,
    "count": 1,
    "lang": "ja",
    "updated": 0
  },
  {
    "id": "cf1f3f62-c4c2-4238-8f5e-a56690631190",
    "data": [
      {
        "text": "アプリ名",
        "userDefined": false
      }
    ],
    "isTemplate": false,
    "count": 0,
    "lang": "ja",
    "updated": 0
  },
  {
    "id": "9ed65424-bc6d-4e3d-a061-d23d432ebd38",
    "data": [
      {
        "text": "アプリの呼び名",
        "userDefined": false
      }
    ],
    "isTemplate": false,
    "count": 0,
    "lang": "ja",
    "updated": 0
  },
  {
    "id": "ab102c82-c1ab-4ff8-8a55-6f54bfe92d15",
    "data": [
      {
        "text": "アプリケーションの名前は何ですか",
        "userDefined": false
      }
    ],
    "isTemplate": false,
    "count": 0,
    "lang": "ja",
    "updated": 0
  }
]