[
  {
    "id": "291403d3-d2e5-43c8-9bce-744b828bf060",
    "data": [
      {
        "text": "мне нужны контакты твоих разработчиков адрес",
        "userDefined": false
      }
    ],
    "isTemplate": false,
    "count": 0,
    "lang": "ru",
    "updated": 0
  },
  {
    "id": "1d59c776-b028-4954-a350-eee322ece95a",
    "data": [
      {
        "text": "можешь предоставить адрес разработчиков",
        "userDefined": false
      }
    ],
    "isTemplate": false,
    "count": 0,
    "lang": "ru",
    "updated": 0
  },
  {
    "id": "d7427bd2-57be-448f-9a09-c4ac51cb56b3",
    "data": [
      {
        "text": "дай мне адрес твоих разработчиков",
        "userDefined": false
      }
    ],
    "isTemplate": false,
    "count": 0,
    "lang": "ru",
    "updated": 0
  },
  {
    "id": "5c0de616-c4a6-44af-9ac8-d1dde08849e5",
    "data": [
      {
        "text": "где живут твои разработчики",
        "userDefined": false
      }
    ],
    "isTemplate": false,
    "count": 0,
    "lang": "ru",
    "updated": 0
  },
  {
    "id": "1c75464f-f841-441d-af89-331dbf0273db",
    "data": [
      {
        "text": "предоставь мне адрес разработчиков",
        "userDefined": false
      }
    ],
    "isTemplate": false,
    "count": 0,
    "lang": "ru",
    "updated": 0
  },
  {
    "id": "5cdc448d-bdb7-4545-8612-caf5f671bc29",
    "data": [
      {
        "text": "откуда твои разработчики",
        "userDefined": false
      }
    ],
    "isTemplate": false,
    "count": 0,
    "lang": "ru",
    "updated": 0
  },
  {
    "id": "e37cb741-e23e-49a8-ad1f-60de4d131f24",
    "data": [
      {
        "text": "адрес твоих создателей",
        "userDefined": false
      }
    ],
    "isTemplate": false,
    "count": 0,
    "lang": "ru",
    "updated": 0
  },
  {
    "id": "6a55f81c-a5fc-4ee5-a720-d636be3815cc",
    "data": [
      {
        "text": "скажи мне адрес разработчиков",
        "userDefined": false
      }
    ],
    "isTemplate": false,
    "count": 0,
    "lang": "ru",
    "updated": 0
  },
  {
    "id": "0f1deb7e-d3e5-488b-ab00-6f8c3c6b677c",
    "data": [
      {
        "text": "где располагаются твои создатели",
        "userDefined": false
      }
    ],
    "isTemplate": false,
    "count": 0,
    "lang": "ru",
    "updated": 0
  },
  {
    "id": "0199bab5-0830-4073-8dee-efb4f2515119",
    "data": [
      {
        "text": "где работают твои разработчики",
        "userDefined": false
      }
    ],
    "isTemplate": false,
    "count": 0,
    "lang": "ru",
    "updated": 0
  },
  {
    "id": "a2a197d2-6380-427a-81e7-5726f1fe6acb",
    "data": [
      {
        "text": "где расположена твоя компания",
        "userDefined": false
      }
    ],
    "isTemplate": false,
    "count": 0,
    "lang": "ru",
    "updated": 0
  },
  {
    "id": "852acbba-1877-408f-82d0-81b438cbf908",
    "data": [
      {
        "text": "где можно найти адрес твоих разработчиков",
        "userDefined": false
      }
    ],
    "isTemplate": false,
    "count": 0,
    "lang": "ru",
    "updated": 0
  },
  {
    "id": "8ecc6e2f-29f1-41ac-b516-4fddd46f90d4",
    "data": [
      {
        "text": "местоположение твоих разработчиков",
        "userDefined": false
      }
    ],
    "isTemplate": false,
    "count": 0,
    "lang": "ru",
    "updated": 0
  },
  {
    "id": "e53b9abb-ebf3-4e6d-8609-02fb4771b45f",
    "data": [
      {
        "text": "адрес разработчиков",
        "userDefined": false
      }
    ],
    "isTemplate": false,
    "count": 0,
    "lang": "ru",
    "updated": 0
  },
  {
    "id": "83755086-fe65-4f8c-a357-fc4faef0c73e",
    "data": [
      {
        "text": "адрес офиса разработчиков",
        "userDefined": false
      }
    ],
    "isTemplate": false,
    "count": 0,
    "lang": "ru",
    "updated": 0
  },
  {
    "id": "9046490a-f7ba-4278-871c-99952117471c",
    "data": [
      {
        "text": "что за адрес у твоих разработчиков",
        "userDefined": false
      }
    ],
    "isTemplate": false,
    "count": 0,
    "lang": "ru",
    "updated": 0
  },
  {
    "id": "11478d09-c86d-48f2-83ef-a15e12899add",
    "data": [
      {
        "text": "где располагается главный офис твоей компании",
        "userDefined": false
      }
    ],
    "isTemplate": false,
    "count": 0,
    "lang": "ru",
    "updated": 0
  },
  {
    "id": "5589ce4b-d6c8-4376-9be0-b45436e3c778",
    "data": [
      {
        "text": "покажи мне где находится офис разработчиков",
        "userDefined": false
      }
    ],
    "isTemplate": false,
    "count": 0,
    "lang": "ru",
    "updated": 0
  }
]