[
  {
    "id": "8cd004f5-85be-4654-999a-da0c967599cc",
    "data": [
      {
        "text": "ich möchte Betatester werden",
        "userDefined": false
      }
    ],
    "isTemplate": false,
    "count": 0,
    "lang": "de",
    "updated": 0
  },
  {
    "id": "fb0db90e-c495-4de3-bc6e-15c607ea94b0",
    "data": [
      {
        "text": "wo kann ich die Betaversion finden",
        "userDefined": false
      }
    ],
    "isTemplate": false,
    "count": 0,
    "lang": "de",
    "updated": 0
  },
  {
    "id": "b84cbc5a-b6f6-4465-9f5a-3f8190eb6de2",
    "data": [
      {
        "text": "gibt es für dich einen Betatest",
        "userDefined": false
      }
    ],
    "isTemplate": false,
    "count": 0,
    "lang": "de",
    "updated": 0
  },
  {
    "id": "2f7196c2-03fc-4d5a-bcaf-f2f1a0cda000",
    "data": [
      {
        "text": "dein Betatest",
        "userDefined": false
      }
    ],
    "isTemplate": false,
    "count": 0,
    "lang": "de",
    "updated": 0
  },
  {
    "id": "ff03fa4a-927e-41ea-8bd4-232a978e00ee",
    "data": [
      {
        "text": "ich möchte die Beta testen",
        "userDefined": false
      }
    ],
    "isTemplate": false,
    "count": 0,
    "lang": "de",
    "updated": 0
  },
  {
    "id": "801efc6d-14ec-4605-a9f6-7a53c6831df5",
    "data": [
      {
        "text": "hast du eine Betaversion",
        "userDefined": false
      }
    ],
    "isTemplate": false,
    "count": 0,
    "lang": "de",
    "updated": 0
  },
  {
    "id": "3639e8ab-e050-40e8-a194-86c1b7750c7e",
    "data": [
      {
        "text": "deine Betaversion",
        "userDefined": false
      }
    ],
    "isTemplate": false,
    "count": 0,
    "lang": "de",
    "updated": 0
  },
  {
    "id": "3f3d7ecb-a044-44a8-ac3d-7ac678050230",
    "data": [
      {
        "text": "such nach Betatest",
        "userDefined": false
      }
    ],
    "isTemplate": false,
    "count": 0,
    "lang": "de",
    "updated": 0
  },
  {
    "id": "9f57bc9e-68c9-440d-8f37-0c2629394e7e",
    "data": [
      {
        "text": "wie werde ich Betatester",
        "userDefined": false
      }
    ],
    "isTemplate": false,
    "count": 0,
    "lang": "de",
    "updated": 0
  },
  {
    "id": "e5806b71-65b1-4baa-8d3e-3f8cb546af10",
    "data": [
      {
        "text": "habt ihr einen Betatest",
        "userDefined": false
      }
    ],
    "isTemplate": false,
    "count": 0,
    "lang": "de",
    "updated": 0
  }
]