[
  {
    "id": "5408b278-a3ed-40a5-964e-49d2cf4d65cb",
    "data": [
      {
        "text": "你",
        "userDefined": false
      },
      {
        "text": "的",
        "userDefined": false
      },
      {
        "text": "網",
        "userDefined": false
      },
      {
        "text": "站",
        "userDefined": false
      }
    ],
    "isTemplate": false,
    "count": 0,
    "lang": "zh-tw",
    "updated": 0
  },
  {
    "id": "f968988c-ae0e-4490-b7e5-8a17fff163bc",
    "data": [
      {
        "text": "我還要網站",
        "userDefined": false
      }
    ],
    "isTemplate": false,
    "count": 0,
    "lang": "zh-tw",
    "updated": 0
  },
  {
    "id": "56b54663-a758-4383-a720-9c08e8cad057",
    "data": [
      {
        "text": "會不會網站",
        "userDefined": false
      }
    ],
    "isTemplate": false,
    "count": 0,
    "lang": "zh-tw",
    "updated": 0
  },
  {
    "id": "8ffe7f5b-c615-4379-9ef3-e417f067316c",
    "data": [
      {
        "text": "現在網站",
        "userDefined": false
      }
    ],
    "isTemplate": false,
    "count": 0,
    "lang": "zh-tw",
    "updated": 0
  },
  {
    "id": "bcf6b09e-2cc2-4064-9a22-32b32d1fd540",
    "data": [
      {
        "text": "還要網站",
        "userDefined": false
      }
    ],
    "isTemplate": false,
    "count": 0,
    "lang": "zh-tw",
    "updated": 0
  },
  {
    "id": "db32fc9d-8c5f-42a3-8b1d-030ef6765959",
    "data": [
      {
        "text": "還能不能網站",
        "userDefined": false
      }
    ],
    "isTemplate": false,
    "count": 0,
    "lang": "zh-tw",
    "updated": 0
  },
  {
    "id": "55bc6145-3198-4536-bfde-f850859f9280",
    "data": [
      {
        "text": "我還很想網站",
        "userDefined": false
      }
    ],
    "isTemplate": false,
    "count": 0,
    "lang": "zh-tw",
    "updated": 0
  },
  {
    "id": "a7fbdfca-7195-4d0d-ad4d-212d9610e511",
    "data": [
      {
        "text": "你",
        "userDefined": false
      },
      {
        "text": "的",
        "userDefined": false
      },
      {
        "text": "網絡",
        "userDefined": false
      }
    ],
    "isTemplate": false,
    "count": 0,
    "lang": "zh-tw",
    "updated": 0
  },
  {
    "id": "27292744-6138-4b1a-8c2f-2336bd39c99b",
    "data": [
      {
        "text": "怎麽能網站",
        "userDefined": false
      }
    ],
    "isTemplate": false,
    "count": 0,
    "lang": "zh-tw",
    "updated": 0
  },
  {
    "id": "e9bc69f5-8860-45cf-a5ad-e87041f67373",
    "data": [
      {
        "text": "能不能網站",
        "userDefined": false
      }
    ],
    "isTemplate": false,
    "count": 0,
    "lang": "zh-tw",
    "updated": 0
  },
  {
    "id": "27843aef-53e6-4284-aa66-d2a0da6f950b",
    "data": [
      {
        "text": "關于網站",
        "userDefined": false
      }
    ],
    "isTemplate": false,
    "count": 0,
    "lang": "zh-tw",
    "updated": 0
  },
  {
    "id": "06207c9d-a0d9-4101-8e6f-d3e2e292e320",
    "data": [
      {
        "text": "還需要網站",
        "userDefined": false
      }
    ],
    "isTemplate": false,
    "count": 0,
    "lang": "zh-tw",
    "updated": 0
  }
]