[
  {
    "id": "c71f06d0-447c-4274-b05c-bf27137bda52",
    "data": [
      {
        "text": "diga o número de telefone dos seus desenvolvedores eu gostaria de falar com eles",
        "userDefined": false
      }
    ],
    "isTemplate": false,
    "count": 0,
    "lang": "pt-br",
    "updated": 0
  },
  {
    "id": "c5148f19-74a4-4532-b048-7d56b940a406",
    "data": [
      {
        "text": "me passe o número de telefone dos seus desenvolvedores",
        "userDefined": false
      }
    ],
    "isTemplate": false,
    "count": 0,
    "lang": "pt-br",
    "updated": 0
  },
  {
    "id": "aa636d14-6518-4b75-a9d5-eee4bbc08569",
    "data": [
      {
        "text": "preciso do número de telefone dos seus desenvolvedores",
        "userDefined": false
      }
    ],
    "isTemplate": false,
    "count": 0,
    "lang": "pt-br",
    "updated": 0
  },
  {
    "id": "2e7615f8-64ac-45e9-adb4-23c1eb956281",
    "data": [
      {
        "text": "me dê o número de telefone dos seus desenvolvedores",
        "userDefined": false
      }
    ],
    "isTemplate": false,
    "count": 0,
    "lang": "pt-br",
    "updated": 0
  },
  {
    "id": "61c265ba-3833-46bd-9d98-10bd570b98bd",
    "data": [
      {
        "text": "o telefone dos seus desenvolvedores",
        "userDefined": false
      }
    ],
    "isTemplate": false,
    "count": 0,
    "lang": "pt-br",
    "updated": 0
  },
  {
    "id": "881dd749-219d-4e7f-8c69-952528b74f5d",
    "data": [
      {
        "text": "posso falar com seus desenvolvedores por telefone",
        "userDefined": false
      }
    ],
    "isTemplate": false,
    "count": 0,
    "lang": "pt-br",
    "updated": 0
  },
  {
    "id": "8ffd680b-f124-45da-8b71-156b96659ee1",
    "data": [
      {
        "text": "quero falar com seus desenvolvedores por telefone",
        "userDefined": false
      }
    ],
    "isTemplate": false,
    "count": 0,
    "lang": "pt-br",
    "updated": 0
  },
  {
    "id": "63ebc3de-67e5-489e-bc4d-37cb5746d0b9",
    "data": [
      {
        "text": "quero falar com seus desenvolvedores me passe o número de telefone deles",
        "userDefined": false
      }
    ],
    "isTemplate": false,
    "count": 0,
    "lang": "pt-br",
    "updated": 0
  },
  {
    "id": "389fc75c-3b2d-42cc-a199-db861ba5a0c4",
    "data": [
      {
        "text": "posso ligar para seus desenvolvedores",
        "userDefined": false
      }
    ],
    "isTemplate": false,
    "count": 0,
    "lang": "pt-br",
    "updated": 0
  },
  {
    "id": "5dd796e2-da01-4ea8-899b-8867874cd562",
    "data": [
      {
        "text": "você poderia me dar o número de telefone dos seus desenvolvedores",
        "userDefined": false
      }
    ],
    "isTemplate": false,
    "count": 0,
    "lang": "pt-br",
    "updated": 0
  },
  {
    "id": "33cda420-9ceb-4380-8adc-3f501aff2816",
    "data": [
      {
        "text": "pesquise o número de telefone do seu desenvolvedor",
        "userDefined": false
      }
    ],
    "isTemplate": false,
    "count": 0,
    "lang": "pt-br",
    "updated": 0
  }
]