[
  {
    "id": "5e69000e-82ad-4657-852d-f7990ea0a0b7",
    "data": [
      {
        "text": "voglio far parte del gruppo di beta testing",
        "userDefined": false
      }
    ],
    "isTemplate": false,
    "count": 0,
    "lang": "it",
    "updated": 0
  },
  {
    "id": "f9ccd867-abe3-4693-9054-44c93b919c5d",
    "data": [
      {
        "text": "mostrami la tua versione beta",
        "userDefined": false
      }
    ],
    "isTemplate": false,
    "count": 0,
    "lang": "it",
    "updated": 0
  },
  {
    "id": "945c3821-cfe7-4e8a-bfd4-cd7cd58c53e1",
    "data": [
      {
        "text": "versione beta della tua app",
        "userDefined": false
      }
    ],
    "isTemplate": false,
    "count": 0,
    "lang": "it",
    "updated": 0
  },
  {
    "id": "9967e425-b4cb-4e7b-b165-61b27e87c532",
    "data": [
      {
        "text": "dove posso trovare la tua versione beta",
        "userDefined": false
      }
    ],
    "isTemplate": false,
    "count": 0,
    "lang": "it",
    "updated": 0
  },
  {
    "id": "50394cea-d2d5-492e-a258-1ecf15ae10ff",
    "data": [
      {
        "text": "beta testing",
        "userDefined": false
      }
    ],
    "isTemplate": false,
    "count": 0,
    "lang": "it",
    "updated": 0
  },
  {
    "id": "7c794b60-9de3-4503-9fca-da0e9ca29715",
    "data": [
      {
        "text": "beta test",
        "userDefined": false
      }
    ],
    "isTemplate": false,
    "count": 0,
    "lang": "it",
    "updated": 0
  },
  {
    "id": "0aca619a-177a-42ea-9dfa-f2918560f4f1",
    "data": [
      {
        "text": "dove trovo la tua versione beta",
        "userDefined": false
      }
    ],
    "isTemplate": false,
    "count": 0,
    "lang": "it",
    "updated": 0
  },
  {
    "id": "cdb74569-e0f5-47ab-b1d0-f2a487ab3a3d",
    "data": [
      {
        "text": "ce l\u0027hai un beta test",
        "userDefined": false
      }
    ],
    "isTemplate": false,
    "count": 0,
    "lang": "it",
    "updated": 0
  },
  {
    "id": "5a754db5-ff9c-4efe-b0dd-dc4ff42a414e",
    "data": [
      {
        "text": "hai un beta test",
        "userDefined": false
      }
    ],
    "isTemplate": false,
    "count": 0,
    "lang": "it",
    "updated": 0
  },
  {
    "id": "282d0622-42b5-47fe-8b19-cbe7a182b57d",
    "data": [
      {
        "text": "dove posso cercare la tua versione beta",
        "userDefined": false
      }
    ],
    "isTemplate": false,
    "count": 0,
    "lang": "it",
    "updated": 0
  },
  {
    "id": "2b547edc-7044-48c6-b151-492e8eab70ea",
    "data": [
      {
        "text": "la tua versione beta",
        "userDefined": false
      }
    ],
    "isTemplate": false,
    "count": 0,
    "lang": "it",
    "updated": 0
  }
]