[
  {
    "id": "0f94b0f8-f77a-4842-a197-d5432ca1116b",
    "data": [
      {
        "text": "dammi più informazioni sui tuoi developer",
        "userDefined": false
      }
    ],
    "isTemplate": false,
    "count": 0,
    "lang": "it",
    "updated": 0
  },
  {
    "id": "47ae8cee-6971-44db-a441-4b34599b88d5",
    "data": [
      {
        "text": "mostrami informazioni sui tuoi sviluppatori",
        "userDefined": false
      }
    ],
    "isTemplate": false,
    "count": 0,
    "lang": "it",
    "updated": 0
  },
  {
    "id": "524adb3e-5fc0-41ff-a7af-ae93a52495d8",
    "data": [
      {
        "text": "raccontami dei tuoi sviluppatori",
        "userDefined": false
      }
    ],
    "isTemplate": false,
    "count": 0,
    "lang": "it",
    "updated": 0
  },
  {
    "id": "ea6a3603-c4f0-42e8-8925-812202fc0d4f",
    "data": [
      {
        "text": "raccontami chi sono i tuoi developer",
        "userDefined": false
      }
    ],
    "isTemplate": false,
    "count": 0,
    "lang": "it",
    "updated": 0
  },
  {
    "id": "f49e3a54-04dd-4313-bfdd-a5ded97b4a78",
    "data": [
      {
        "text": "raccontami dei tuoi developer",
        "userDefined": false
      }
    ],
    "isTemplate": false,
    "count": 0,
    "lang": "it",
    "updated": 0
  },
  {
    "id": "01827125-7f8d-49ba-9c6b-d27b32037308",
    "data": [
      {
        "text": "informazioni sui tuoi sviluppatori",
        "userDefined": false
      }
    ],
    "isTemplate": false,
    "count": 0,
    "lang": "it",
    "updated": 0
  },
  {
    "id": "a95b690c-c1f9-424e-aee7-bc324fab9901",
    "data": [
      {
        "text": "informazioni sui tuoi developer",
        "userDefined": false
      }
    ],
    "isTemplate": false,
    "count": 0,
    "lang": "it",
    "updated": 0
  },
  {
    "id": "24250d58-3049-4f80-a887-300e2fa4a593",
    "data": [
      {
        "text": "raccontami chi sono i tuoi sviluppatori",
        "userDefined": false
      }
    ],
    "isTemplate": false,
    "count": 0,
    "lang": "it",
    "updated": 0
  }
]