[
  {
    "id": "3ef2fe9f-6c2e-411c-85e6-fde344250d63",
    "data": [
      {
        "text": "告訴我怎聯系你的開發人員",
        "userDefined": false
      }
    ],
    "isTemplate": false,
    "count": 0,
    "lang": "zh-tw",
    "updated": 0
  },
  {
    "id": "3ab1b856-26b0-448c-b552-3fc43beb74b1",
    "data": [
      {
        "text": "聯系你",
        "userDefined": false
      },
      {
        "text": "的",
        "userDefined": true
      },
      {
        "text": "開發",
        "userDefined": true
      },
      {
        "text": "人員",
        "userDefined": false
      }
    ],
    "isTemplate": false,
    "count": 0,
    "lang": "zh-tw",
    "updated": 0
  },
  {
    "id": "0c8cbc59-102f-415c-a7fb-3d516764dbc0",
    "data": [
      {
        "text": "如何聯系你的開發人員",
        "userDefined": false
      }
    ],
    "isTemplate": false,
    "count": 0,
    "lang": "zh-tw",
    "updated": 0
  },
  {
    "id": "eead860d-beb9-4cc5-a20d-4603aea79d07",
    "data": [
      {
        "text": "你的開發者聯系信息是什麽",
        "userDefined": false
      }
    ],
    "isTemplate": false,
    "count": 0,
    "lang": "zh-tw",
    "updated": 0
  },
  {
    "id": "0ac42bae-a600-4391-9f35-9216f7803ecf",
    "data": [
      {
        "text": "聯系您的創作者",
        "userDefined": false
      }
    ],
    "isTemplate": false,
    "count": 0,
    "lang": "zh-tw",
    "updated": 0
  },
  {
    "id": "b738168d-69eb-43eb-965e-20e77c933e56",
    "data": [
      {
        "text": "我想聯系您的開發人員",
        "userDefined": false
      }
    ],
    "isTemplate": false,
    "count": 0,
    "lang": "zh-tw",
    "updated": 0
  },
  {
    "id": "df42744a-8505-49d0-a4fb-40cc904494e6",
    "data": [
      {
        "text": "給你聯系方式是什麽",
        "userDefined": false
      }
    ],
    "isTemplate": false,
    "count": 0,
    "lang": "zh-tw",
    "updated": 0
  },
  {
    "id": "51257665-fad4-44df-b695-b9a19aa8a630",
    "data": [
      {
        "text": "我要聯系你的開發人員",
        "userDefined": false
      }
    ],
    "isTemplate": false,
    "count": 0,
    "lang": "zh-tw",
    "updated": 0
  },
  {
    "id": "e50852c5-ccca-4aa6-a340-770bb213777e",
    "data": [
      {
        "text": "您的開發人員的聯系方式是什麽",
        "userDefined": false
      }
    ],
    "isTemplate": false,
    "count": 0,
    "lang": "zh-tw",
    "updated": 0
  },
  {
    "id": "12cb24bd-2d57-400d-992a-862e411b58bd",
    "data": [
      {
        "text": "我想聯系你的開發人員",
        "userDefined": false
      }
    ],
    "isTemplate": false,
    "count": 0,
    "lang": "zh-tw",
    "updated": 0
  },
  {
    "id": "33640a0a-0482-4afd-a620-d5e88ef6a559",
    "data": [
      {
        "text": "如何聯系您的開發人員",
        "userDefined": false
      }
    ],
    "isTemplate": false,
    "count": 0,
    "lang": "zh-tw",
    "updated": 0
  },
  {
    "id": "4efdc643-b578-4b05-826f-15f214ecdb54",
    "data": [
      {
        "text": "怎麽聯系你的開發人員",
        "userDefined": false
      }
    ],
    "isTemplate": false,
    "count": 0,
    "lang": "zh-tw",
    "updated": 0
  },
  {
    "id": "cfccacf0-1c96-4712-99f5-9afd2335152c",
    "data": [
      {
        "text": "我可以聯系您的開發人員嗎",
        "userDefined": false
      }
    ],
    "isTemplate": false,
    "count": 0,
    "lang": "zh-tw",
    "updated": 0
  },
  {
    "id": "86e145af-7340-42ca-8d37-f2c25bce2bf5",
    "data": [
      {
        "text": "聯系給你的開發人員",
        "userDefined": false
      }
    ],
    "isTemplate": false,
    "count": 0,
    "lang": "zh-tw",
    "updated": 0
  },
  {
    "id": "d41d71de-d26c-439f-adeb-e7e616e379bc",
    "data": [
      {
        "text": "讓我給你的開發人員聯系",
        "userDefined": false
      }
    ],
    "isTemplate": false,
    "count": 0,
    "lang": "zh-tw",
    "updated": 0
  },
  {
    "id": "a9144fbb-5074-4a72-b815-d3c4ca180ca2",
    "data": [
      {
        "text": "我想要聯系你的開發人員",
        "userDefined": false
      }
    ],
    "isTemplate": false,
    "count": 0,
    "lang": "zh-tw",
    "updated": 0
  }
]