[
  {
    "id": "8d7373ef-7ecb-4fe8-af72-af8130aaebbf",
    "data": [
      {
        "text": "me podrías dar la dirección de tus diseñadores",
        "userDefined": false
      }
    ],
    "isTemplate": false,
    "count": 0,
    "lang": "es",
    "updated": 0
  },
  {
    "id": "066910c9-c33a-40a0-8e4d-13a1d207d74d",
    "data": [
      {
        "text": "dirección de tus programadores",
        "userDefined": false
      }
    ],
    "isTemplate": false,
    "count": 0,
    "lang": "es",
    "updated": 0
  },
  {
    "id": "5f5ed1fc-5669-4f08-8fa3-f3addc3059dc",
    "data": [
      {
        "text": "necesitaré la dirección de tus programadores",
        "userDefined": false
      }
    ],
    "isTemplate": false,
    "count": 0,
    "lang": "es",
    "updated": 0
  },
  {
    "id": "4c6bdbca-394d-471f-b9a3-842ff6faf9d5",
    "data": [
      {
        "text": "puedes darme la dirección de tus diseñadores",
        "userDefined": false
      }
    ],
    "isTemplate": false,
    "count": 0,
    "lang": "es",
    "updated": 0
  },
  {
    "id": "5051373a-add6-4945-8d5b-987ab5dcbf0f",
    "data": [
      {
        "text": "cuál es la dirección de tus programadores",
        "userDefined": false
      }
    ],
    "isTemplate": false,
    "count": 0,
    "lang": "es",
    "updated": 0
  },
  {
    "id": "7399c728-36f7-44ed-9daf-d190e80dd9fb",
    "data": [
      {
        "text": "necesito saber la dirección de tus desarrolladores",
        "userDefined": false
      }
    ],
    "isTemplate": false,
    "count": 0,
    "lang": "es",
    "updated": 0
  },
  {
    "id": "6baf5498-3e03-4a43-b327-eb66f71cd768",
    "data": [
      {
        "text": "quiero saber la dirección de tus creadores",
        "userDefined": false
      }
    ],
    "isTemplate": false,
    "count": 0,
    "lang": "es",
    "updated": 0
  },
  {
    "id": "9978a31c-5b34-4e35-b963-0dd369d74fab",
    "data": [
      {
        "text": "me puedes dar la dirección de tus creadores",
        "userDefined": false
      }
    ],
    "isTemplate": false,
    "count": 0,
    "lang": "es",
    "updated": 0
  },
  {
    "id": "5012a380-eee1-4741-896c-c968013daefa",
    "data": [
      {
        "text": "dame la dirección de tus creadores",
        "userDefined": false
      }
    ],
    "isTemplate": false,
    "count": 0,
    "lang": "es",
    "updated": 0
  }
]