[
  {
    "id": "28793e45-00d5-4cbf-b8e9-06800aa08673",
    "data": [
      {
        "text": "хочу потестировать твою бета версию",
        "userDefined": false
      }
    ],
    "isTemplate": false,
    "count": 0,
    "lang": "ru",
    "updated": 0
  },
  {
    "id": "58794fb7-3663-41d4-9b13-22d4f3addbbb",
    "data": [
      {
        "text": "твоя бета версия",
        "userDefined": false
      }
    ],
    "isTemplate": false,
    "count": 0,
    "lang": "ru",
    "updated": 0
  },
  {
    "id": "9dc44ea6-5ee1-4fff-a58c-81272b39a93d",
    "data": [
      {
        "text": "хотел бы присоединиться к бета тестированию",
        "userDefined": false
      }
    ],
    "isTemplate": false,
    "count": 0,
    "lang": "ru",
    "updated": 0
  },
  {
    "id": "8f27560f-dcc8-4096-aed5-b516b3db34c5",
    "data": [
      {
        "text": "хочу участвовать в бета тестировании",
        "userDefined": false
      }
    ],
    "isTemplate": false,
    "count": 0,
    "lang": "ru",
    "updated": 0
  },
  {
    "id": "224aee3f-6f3e-4e73-acdc-3f7665df6354",
    "data": [
      {
        "text": "бета версия",
        "userDefined": false
      }
    ],
    "isTemplate": false,
    "count": 0,
    "lang": "ru",
    "updated": 0
  },
  {
    "id": "e5d7e0ba-13b1-4220-9c00-b1c04b2de80d",
    "data": [
      {
        "text": "покажи бета версию",
        "userDefined": false
      }
    ],
    "isTemplate": false,
    "count": 0,
    "lang": "ru",
    "updated": 0
  },
  {
    "id": "a6d0b14b-52f0-4e9d-82eb-87f69584590f",
    "data": [
      {
        "text": "хочу потестировать тебя в бета",
        "userDefined": false
      }
    ],
    "isTemplate": false,
    "count": 1,
    "lang": "ru",
    "updated": 0
  },
  {
    "id": "b4845064-2c4e-4b67-bd6f-4c8a5d542c5a",
    "data": [
      {
        "text": "бета тест",
        "userDefined": false
      }
    ],
    "isTemplate": false,
    "count": 0,
    "lang": "ru",
    "updated": 0
  },
  {
    "id": "44938846-ed8c-4f95-92b8-10368b148fda",
    "data": [
      {
        "text": "хочу быть твоим тестировщиком",
        "userDefined": false
      }
    ],
    "isTemplate": false,
    "count": 0,
    "lang": "ru",
    "updated": 0
  },
  {
    "id": "8632c59d-ec89-4d17-97d2-3d5cab3f1d02",
    "data": [
      {
        "text": "хочу установить твою бета версию",
        "userDefined": false
      }
    ],
    "isTemplate": false,
    "count": 0,
    "lang": "ru",
    "updated": 0
  },
  {
    "id": "a43eb14f-97bc-484a-9f4f-e7850acc6e78",
    "data": [
      {
        "text": "у тебя есть бета версия",
        "userDefined": false
      }
    ],
    "isTemplate": false,
    "count": 0,
    "lang": "ru",
    "updated": 0
  },
  {
    "id": "12d4ad4d-d64e-4655-a687-502a066f4d7f",
    "data": [
      {
        "text": "поиск бета версии",
        "userDefined": false
      }
    ],
    "isTemplate": false,
    "count": 0,
    "lang": "ru",
    "updated": 0
  },
  {
    "id": "e1d4033a-ea82-4015-a345-e4183651a3f1",
    "data": [
      {
        "text": "бета версия твоего приложения",
        "userDefined": false
      }
    ],
    "isTemplate": false,
    "count": 0,
    "lang": "ru",
    "updated": 0
  },
  {
    "id": "a3dcb638-f935-4500-8d88-72c652356be6",
    "data": [
      {
        "text": "давай найдём твоё приложение в бета",
        "userDefined": false
      }
    ],
    "isTemplate": false,
    "count": 0,
    "lang": "ru",
    "updated": 0
  },
  {
    "id": "8e3c362b-517c-4712-9ab4-d09826f75e09",
    "data": [
      {
        "text": "я хочу стать участником группы бета-тестеров",
        "userDefined": false
      }
    ],
    "isTemplate": false,
    "count": 1,
    "lang": "ru",
    "updated": 0
  },
  {
    "id": "f63bf393-88e4-4510-aa61-2299231aba40",
    "data": [
      {
        "text": "как стать тестировщиком бета версии",
        "userDefined": false
      }
    ],
    "isTemplate": false,
    "count": 0,
    "lang": "ru",
    "updated": 0
  },
  {
    "id": "8494b433-1eea-4586-a2b6-29901370d244",
    "data": [
      {
        "text": "бета тестирование",
        "userDefined": false
      }
    ],
    "isTemplate": false,
    "count": 0,
    "lang": "ru",
    "updated": 0
  },
  {
    "id": "bcd70df2-3bcf-48d7-927e-ed4554bbbf46",
    "data": [
      {
        "text": "я хотел бы стать тестировщиком твоей бета версии",
        "userDefined": false
      }
    ],
    "isTemplate": false,
    "count": 0,
    "lang": "ru",
    "updated": 0
  },
  {
    "id": "1c0c3db3-5992-435c-9738-4b0cb010716b",
    "data": [
      {
        "text": "где можно загрузить твою бета версию",
        "userDefined": false
      }
    ],
    "isTemplate": false,
    "count": 0,
    "lang": "ru",
    "updated": 0
  },
  {
    "id": "9705332a-bdae-407d-9340-d8549cb49926",
    "data": [
      {
        "text": "где можно найти твою бета версию",
        "userDefined": false
      }
    ],
    "isTemplate": false,
    "count": 1,
    "lang": "ru",
    "updated": 0
  }
]