[
  {
    "id": "c3ff0055-9536-4c37-a9c1-a6a50cfd5a67",
    "data": [
      {
        "text": "а что насчёт сайта",
        "userDefined": false
      }
    ],
    "isTemplate": false,
    "count": 0,
    "lang": "ru",
    "updated": 0
  },
  {
    "id": "c4971b47-05e1-42f7-8a23-bb08e679d532",
    "data": [
      {
        "text": "и твой вебсайт",
        "userDefined": false
      }
    ],
    "isTemplate": false,
    "count": 0,
    "lang": "ru",
    "updated": 0
  },
  {
    "id": "6256863f-e36e-4d85-8271-ad1b64c6fb51",
    "data": [
      {
        "text": "и веб сайт",
        "userDefined": false
      }
    ],
    "isTemplate": false,
    "count": 0,
    "lang": "ru",
    "updated": 0
  },
  {
    "id": "3b83b276-1e3a-4b2b-a3a0-ac43ef1afd75",
    "data": [
      {
        "text": "также вебсайт",
        "userDefined": false
      }
    ],
    "isTemplate": false,
    "count": 0,
    "lang": "ru",
    "updated": 0
  },
  {
    "id": "03c948dd-466f-47ad-af1f-48161890ffde",
    "data": [
      {
        "text": "также",
        "userDefined": false
      },
      {
        "text": " сайт",
        "userDefined": false
      }
    ],
    "isTemplate": false,
    "count": 0,
    "lang": "ru",
    "updated": 0
  },
  {
    "id": "5f50652e-3705-4b03-bcf4-6e8daef62d3c",
    "data": [
      {
        "text": "твой вебсайт",
        "userDefined": false
      }
    ],
    "isTemplate": false,
    "count": 0,
    "lang": "ru",
    "updated": 0
  },
  {
    "id": "dfdb73bb-a227-45c3-9c42-c2a6cab0e2a2",
    "data": [
      {
        "text": "твоя веб страница",
        "userDefined": false
      }
    ],
    "isTemplate": false,
    "count": 0,
    "lang": "ru",
    "updated": 0
  },
  {
    "id": "b1f9162b-15d4-429f-b33f-3fdbb927c3b3",
    "data": [
      {
        "text": "теперь вебсайт",
        "userDefined": false
      }
    ],
    "isTemplate": false,
    "count": 0,
    "lang": "ru",
    "updated": 0
  },
  {
    "id": "7ca0fefb-91ed-4b0f-98d1-3db985983329",
    "data": [
      {
        "text": "теперь их веб сайт",
        "userDefined": false
      }
    ],
    "isTemplate": false,
    "count": 0,
    "lang": "ru",
    "updated": 0
  },
  {
    "id": "153305b9-6af0-4c5c-8cb4-5dbd7ae45ce2",
    "data": [
      {
        "text": "покажи их сайт",
        "userDefined": false
      }
    ],
    "isTemplate": false,
    "count": 0,
    "lang": "ru",
    "updated": 0
  },
  {
    "id": "09670580-0d64-4b4e-a071-4ecba547c5e2",
    "data": [
      {
        "text": "у них есть вебсайт",
        "userDefined": false
      }
    ],
    "isTemplate": false,
    "count": 0,
    "lang": "ru",
    "updated": 0
  },
  {
    "id": "dd36287a-e00d-48ca-9ae7-a952618c3c66",
    "data": [
      {
        "text": "и ещё сайт",
        "userDefined": false
      }
    ],
    "isTemplate": false,
    "count": 0,
    "lang": "ru",
    "updated": 0
  },
  {
    "id": "95ae220e-e3d1-4605-8739-99d366477509",
    "data": [
      {
        "text": "и твоя веб страничка",
        "userDefined": false
      }
    ],
    "isTemplate": false,
    "count": 0,
    "lang": "ru",
    "updated": 0
  },
  {
    "id": "3bae8f9d-5c9e-4beb-bc61-2b97c777dacb",
    "data": [
      {
        "text": "а сейчас сайт",
        "userDefined": false
      }
    ],
    "isTemplate": false,
    "count": 0,
    "lang": "ru",
    "updated": 0
  },
  {
    "id": "4a8b50d9-dab4-4bf5-9921-556716b29d1d",
    "data": [
      {
        "text": "сайт",
        "userDefined": false
      }
    ],
    "isTemplate": false,
    "count": 0,
    "lang": "ru",
    "updated": 0
  },
  {
    "id": "d49fc3b2-f6b8-4243-ab82-5d450e5c08aa",
    "data": [
      {
        "text": "у них есть сайт",
        "userDefined": false
      }
    ],
    "isTemplate": false,
    "count": 0,
    "lang": "ru",
    "updated": 0
  },
  {
    "id": "7014aebb-e5dd-49f2-baa7-b2b6318209b2",
    "data": [
      {
        "text": "твой сайт",
        "userDefined": false
      }
    ],
    "isTemplate": false,
    "count": 0,
    "lang": "ru",
    "updated": 0
  },
  {
    "id": "1e7423ed-59bd-4e27-a77e-69ff041d2321",
    "data": [
      {
        "text": "покажи их вебсайт",
        "userDefined": false
      }
    ],
    "isTemplate": false,
    "count": 0,
    "lang": "ru",
    "updated": 0
  }
]