[
  {
    "id": "4e955630-7c78-480d-b2b3-321d836e0f7b",
    "data": [
      {
        "text": "现在他们的电子邮件",
        "userDefined": false
      }
    ],
    "isTemplate": false,
    "count": 0,
    "lang": "zh-cn",
    "updated": 0
  },
  {
    "id": "881da8c8-6d83-4e03-8e77-5d74efb6122e",
    "data": [
      {
        "text": "在要他们的电子邮件",
        "userDefined": false
      }
    ],
    "isTemplate": false,
    "count": 0,
    "lang": "zh-cn",
    "updated": 0
  },
  {
    "id": "d72464bd-f536-4db2-baaf-fe0d0cb73f38",
    "data": [
      {
        "text": "现在发邮件",
        "userDefined": false
      }
    ],
    "isTemplate": false,
    "count": 0,
    "lang": "zh-cn",
    "updated": 0
  },
  {
    "id": "939145fc-11cc-4de9-81b4-670d5b230221",
    "data": [
      {
        "text": "现在要他们的电子邮件",
        "userDefined": false
      }
    ],
    "isTemplate": false,
    "count": 0,
    "lang": "zh-cn",
    "updated": 0
  },
  {
    "id": "da2902f5-1e9f-4247-9f37-18553a42d321",
    "data": [
      {
        "text": "现在为了他们的电子邮件",
        "userDefined": false
      }
    ],
    "isTemplate": false,
    "count": 0,
    "lang": "zh-cn",
    "updated": 0
  },
  {
    "id": "726f5bc8-cc29-41cc-836f-ceb1de5f205b",
    "data": [
      {
        "text": "还要发邮件",
        "userDefined": false
      }
    ],
    "isTemplate": false,
    "count": 0,
    "lang": "zh-cn",
    "updated": 0
  },
  {
    "id": "a3031810-4416-42db-ac72-0647ae0096a5",
    "data": [
      {
        "text": "我还很想发邮件",
        "userDefined": false
      }
    ],
    "isTemplate": false,
    "count": 0,
    "lang": "zh-cn",
    "updated": 0
  },
  {
    "id": "63788cb5-75d1-45ab-b78a-709f3791ceff",
    "data": [
      {
        "text": "关于发邮件",
        "userDefined": false
      }
    ],
    "isTemplate": false,
    "count": 0,
    "lang": "zh-cn",
    "updated": 0
  },
  {
    "id": "ca3ce310-d2ec-485c-98fe-25fb604cf5bd",
    "data": [
      {
        "text": "会不会发邮件",
        "userDefined": false
      }
    ],
    "isTemplate": false,
    "count": 0,
    "lang": "zh-cn",
    "updated": 0
  },
  {
    "id": "6da1ffe0-4fea-4f58-8a16-e735964c35e0",
    "data": [
      {
        "text": "还能不能发邮件",
        "userDefined": false
      }
    ],
    "isTemplate": false,
    "count": 0,
    "lang": "zh-cn",
    "updated": 0
  },
  {
    "id": "142bfd48-be13-45d5-b04e-39fd77bfbf14",
    "data": [
      {
        "text": "关于他们的电子邮件",
        "userDefined": false
      }
    ],
    "isTemplate": false,
    "count": 0,
    "lang": "zh-cn",
    "updated": 0
  },
  {
    "id": "69020bcf-9177-479c-b801-8585f285eba3",
    "data": [
      {
        "text": "他们的电子邮件",
        "userDefined": false
      }
    ],
    "isTemplate": false,
    "count": 0,
    "lang": "zh-cn",
    "updated": 0
  },
  {
    "id": "badc0e80-a550-4468-8388-3add54f90287",
    "data": [
      {
        "text": "怎么能发邮件",
        "userDefined": false
      }
    ],
    "isTemplate": false,
    "count": 0,
    "lang": "zh-cn",
    "updated": 0
  },
  {
    "id": "8e7dd3ae-5c86-4fe4-af1e-3bf5ae95b0cd",
    "data": [
      {
        "text": "还需要发邮件",
        "userDefined": false
      }
    ],
    "isTemplate": false,
    "count": 0,
    "lang": "zh-cn",
    "updated": 0
  },
  {
    "id": "4fd06ccc-384b-46e0-aa19-c9fba159c990",
    "data": [
      {
        "text": "为他们的电子邮件",
        "userDefined": false
      }
    ],
    "isTemplate": false,
    "count": 0,
    "lang": "zh-cn",
    "updated": 0
  },
  {
    "id": "8077bd2d-d4d5-4959-9125-4e548cd685f1",
    "data": [
      {
        "text": "为了他们的电子邮件",
        "userDefined": false
      }
    ],
    "isTemplate": false,
    "count": 0,
    "lang": "zh-cn",
    "updated": 0
  },
  {
    "id": "12949e5f-809d-4609-a238-9da09abff584",
    "data": [
      {
        "text": "我还要发邮件",
        "userDefined": false
      }
    ],
    "isTemplate": false,
    "count": 0,
    "lang": "zh-cn",
    "updated": 0
  },
  {
    "id": "5604cdc5-d682-4cd7-aaec-262acb70ba01",
    "data": [
      {
        "text": "能不能发邮件",
        "userDefined": false
      }
    ],
    "isTemplate": false,
    "count": 0,
    "lang": "zh-cn",
    "updated": 0
  }
]