[
  {
    "id": "b6c4471d-d08c-4909-8ef1-e416ea6470ce",
    "data": [
      {
        "text": "sua empresa desenvolve alguma outra coisa",
        "userDefined": false
      }
    ],
    "isTemplate": false,
    "count": 0,
    "lang": "pt-br",
    "updated": 0
  },
  {
    "id": "4dc215ef-241f-442f-ac91-5692359c9bfe",
    "data": [
      {
        "text": "o que seus desenvolvedores fazem",
        "userDefined": false
      }
    ],
    "isTemplate": false,
    "count": 0,
    "lang": "pt-br",
    "updated": 0
  },
  {
    "id": "a1d21601-cc4a-4aa7-96fc-b5e54bdaab8f",
    "data": [
      {
        "text": "o que sua empresa cria",
        "userDefined": false
      }
    ],
    "isTemplate": false,
    "count": 0,
    "lang": "pt-br",
    "updated": 0
  },
  {
    "id": "938b01aa-a5f2-4822-a90c-3191df38d1c9",
    "data": [
      {
        "text": "qual é o produto mais vendido da sua empresa",
        "userDefined": false
      }
    ],
    "isTemplate": false,
    "count": 0,
    "lang": "pt-br",
    "updated": 0
  },
  {
    "id": "4ec043dd-568f-40b1-b8ce-f5718357c027",
    "data": [
      {
        "text": "sua empresa tem mais apps",
        "userDefined": false
      }
    ],
    "isTemplate": false,
    "count": 0,
    "lang": "pt-br",
    "updated": 0
  },
  {
    "id": "5c0e9219-5669-45f7-88a3-975bcced3d16",
    "data": [
      {
        "text": "sua empresa tem algum outro produto",
        "userDefined": false
      }
    ],
    "isTemplate": false,
    "count": 0,
    "lang": "pt-br",
    "updated": 0
  },
  {
    "id": "c2a987ad-2263-4941-b89d-dfaef8ee4ef0",
    "data": [
      {
        "text": "o que mais seus desenvolvedores fazem",
        "userDefined": false
      }
    ],
    "isTemplate": false,
    "count": 0,
    "lang": "pt-br",
    "updated": 0
  },
  {
    "id": "35a9a404-6f94-4fb8-ba36-e165fb4497a1",
    "data": [
      {
        "text": "o que sua empresa desenvolve",
        "userDefined": false
      }
    ],
    "isTemplate": false,
    "count": 0,
    "lang": "pt-br",
    "updated": 0
  },
  {
    "id": "b1e5a085-49e7-45e4-a7a6-9538acd8d2e1",
    "data": [
      {
        "text": "seus desenvolvedores criaram alguma outra coisa",
        "userDefined": false
      }
    ],
    "isTemplate": false,
    "count": 0,
    "lang": "pt-br",
    "updated": 0
  },
  {
    "id": "2b5602cc-0b76-4361-9899-d575834af742",
    "data": [
      {
        "text": "o que mais seus desenvolvedores criam",
        "userDefined": false
      }
    ],
    "isTemplate": false,
    "count": 0,
    "lang": "pt-br",
    "updated": 0
  }
]