[
  {
    "id": "c840107f-ca9d-4731-a6c3-3d24845ca7ab",
    "data": [
      {
        "text": "agora o telemóvel deles",
        "userDefined": false
      }
    ],
    "isTemplate": false,
    "count": 0,
    "lang": "pt",
    "updated": 0
  },
  {
    "id": "63816103-04e3-4c19-a7ea-10487a80ec89",
    "data": [
      {
        "text": "e o telemóvel dele",
        "userDefined": false
      }
    ],
    "isTemplate": false,
    "count": 0,
    "lang": "pt",
    "updated": 0
  },
  {
    "id": "4a3adffe-730a-4773-b9f6-57561802b801",
    "data": [
      {
        "text": "como efetuar uma chamada",
        "userDefined": false
      }
    ],
    "isTemplate": false,
    "count": 0,
    "lang": "pt",
    "updated": 0
  },
  {
    "id": "9b08620d-6036-43d3-9755-a0740d1238b0",
    "data": [
      {
        "text": "e número de contacto",
        "userDefined": false
      }
    ],
    "isTemplate": false,
    "count": 0,
    "lang": "pt",
    "updated": 0
  },
  {
    "id": "4fc7a964-8b7d-48bd-b384-2bf201980d12",
    "data": [
      {
        "text": "e o número de contacto",
        "userDefined": false
      }
    ],
    "isTemplate": false,
    "count": 0,
    "lang": "pt",
    "updated": 0
  },
  {
    "id": "e20c32a6-c406-4d35-a7e0-4460b62752ad",
    "data": [
      {
        "text": "o número dela",
        "userDefined": false
      }
    ],
    "isTemplate": false,
    "count": 0,
    "lang": "pt",
    "updated": 0
  },
  {
    "id": "d3b39e4d-4bcf-4d00-8b64-987064bbeb5b",
    "data": [
      {
        "text": "e telemóvel",
        "userDefined": false
      }
    ],
    "isTemplate": false,
    "count": 0,
    "lang": "pt",
    "updated": 0
  },
  {
    "id": "00d5b826-c63e-4f66-9bf3-6a20ac87078d",
    "data": [
      {
        "text": "também preciso do telemóvel deles",
        "userDefined": false
      }
    ],
    "isTemplate": false,
    "count": 0,
    "lang": "pt",
    "updated": 0
  },
  {
    "id": "f1141bc0-66e7-47bf-975e-674f3fc51ad0",
    "data": [
      {
        "text": "e o número de telefone",
        "userDefined": false
      }
    ],
    "isTemplate": false,
    "count": 0,
    "lang": "pt",
    "updated": 0
  },
  {
    "id": "f739a1aa-f9a4-4a18-a51d-89cdb58db582",
    "data": [
      {
        "text": "e o telemóvel deles",
        "userDefined": false
      }
    ],
    "isTemplate": false,
    "count": 0,
    "lang": "pt",
    "updated": 0
  }
]