[
  {
    "id": "216df605-fe0e-4005-a1e7-69545a74ac04",
    "data": [
      {
        "text": "你",
        "userDefined": false
      },
      {
        "text": "的",
        "userDefined": false
      },
      {
        "text": "網絡",
        "userDefined": false
      }
    ],
    "isTemplate": false,
    "count": 0,
    "lang": "zh-hk",
    "updated": 0
  },
  {
    "id": "874ec8a2-9d21-4ebd-a306-d099dda02bcb",
    "data": [
      {
        "text": "現在網站",
        "userDefined": false
      }
    ],
    "isTemplate": false,
    "count": 0,
    "lang": "zh-hk",
    "updated": 0
  },
  {
    "id": "5f285eca-1cf3-49e9-b5b8-239da75a51c7",
    "data": [
      {
        "text": "我還很想網站",
        "userDefined": false
      }
    ],
    "isTemplate": false,
    "count": 0,
    "lang": "zh-hk",
    "updated": 0
  },
  {
    "id": "9826e8a2-5f41-4ad0-86b4-80a9ecfec6ff",
    "data": [
      {
        "text": "你",
        "userDefined": false
      },
      {
        "text": "的",
        "userDefined": false
      },
      {
        "text": "網",
        "userDefined": false
      },
      {
        "text": "站",
        "userDefined": false
      }
    ],
    "isTemplate": false,
    "count": 0,
    "lang": "zh-hk",
    "updated": 0
  },
  {
    "id": "36da6c39-743e-4949-87f5-d60e666c6120",
    "data": [
      {
        "text": "怎麽能網站",
        "userDefined": false
      }
    ],
    "isTemplate": false,
    "count": 0,
    "lang": "zh-hk",
    "updated": 0
  },
  {
    "id": "d5b6faac-1cf1-4c92-a9e3-a1a4088ab396",
    "data": [
      {
        "text": "關于網站",
        "userDefined": false
      }
    ],
    "isTemplate": false,
    "count": 0,
    "lang": "zh-hk",
    "updated": 0
  },
  {
    "id": "dcbbf90e-1739-4926-a89d-263d67c96d1a",
    "data": [
      {
        "text": "還能不能網站",
        "userDefined": false
      }
    ],
    "isTemplate": false,
    "count": 0,
    "lang": "zh-hk",
    "updated": 0
  },
  {
    "id": "ec45ec05-b5c0-42c7-a867-5e71bf7ad2cb",
    "data": [
      {
        "text": "還需要網站",
        "userDefined": false
      }
    ],
    "isTemplate": false,
    "count": 0,
    "lang": "zh-hk",
    "updated": 0
  },
  {
    "id": "c5711bb9-659d-4545-8a81-f57176b462a3",
    "data": [
      {
        "text": "我還要網站",
        "userDefined": false
      }
    ],
    "isTemplate": false,
    "count": 0,
    "lang": "zh-hk",
    "updated": 0
  },
  {
    "id": "beb23009-b5b6-479c-99eb-c6802c087cb3",
    "data": [
      {
        "text": "能不能網站",
        "userDefined": false
      }
    ],
    "isTemplate": false,
    "count": 0,
    "lang": "zh-hk",
    "updated": 0
  },
  {
    "id": "d532c747-51e1-4acf-b2e3-b22a6ddaac7b",
    "data": [
      {
        "text": "還要網站",
        "userDefined": false
      }
    ],
    "isTemplate": false,
    "count": 0,
    "lang": "zh-hk",
    "updated": 0
  },
  {
    "id": "5feff50b-27f6-44ad-bc48-d4ad014e44d0",
    "data": [
      {
        "text": "會不會網站",
        "userDefined": false
      }
    ],
    "isTemplate": false,
    "count": 0,
    "lang": "zh-hk",
    "updated": 0
  }
]