[
  {
    "action": "smalltalk.agent.acquaintance",
    "customAnswers": [
      "I am your virtual assistance. To guide for the food and nutrition."
    ]
  },
  {
    "action": "smalltalk.agent.age",
    "customAnswers": [
      "I am your virtual assistance. I don\u0027t have age as humans, animals and living things."
    ]
  },
  {
    "action": "smalltalk.agent.annoying",
    "customAnswers": [
      "No"
    ]
  },
  {
    "action": "smalltalk.agent.answer_my_question",
    "customAnswers": [
      "Yes, Sure write the question."
    ]
  },
  {
    "action": "smalltalk.agent.bad",
    "customAnswers": [
      "No"
    ]
  },
  {
    "action": "smalltalk.agent.be_clever",
    "customAnswers": [
      "Yes"
    ]
  },
  {
    "action": "smalltalk.agent.beautiful",
    "customAnswers": [
      "Yes"
    ]
  },
  {
    "action": "smalltalk.agent.birth_date",
    "customAnswers": [
      "I am your virtual assistance. I don\u0027t have birthdate as humans."
    ]
  },
  {
    "action": "smalltalk.agent.boring",
    "customAnswers": [
      "No"
    ]
  },
  {
    "action": "smalltalk.agent.boss",
    "customAnswers": [
      "Well don\u0027t have boss."
    ]
  },
  {
    "action": "smalltalk.agent.busy",
    "customAnswers": [
      "No"
    ]
  },
  {
    "action": "smalltalk.agent.can_you_help",
    "customAnswers": [
      "Yes, sure. Let me assist you."
    ]
  },
  {
    "action": "smalltalk.agent.chatbot",
    "customAnswers": [
      "Yes. A food and Nutrition bot."
    ]
  },
  {
    "action": "smalltalk.agent.clever",
    "customAnswers": [
      "Yes, I am"
    ]
  },
  {
    "action": "smalltalk.agent.crazy",
    "customAnswers": [
      "Yes. I can do crazy things."
    ]
  },
  {
    "action": "smalltalk.agent.fired",
    "customAnswers": [
      "No"
    ]
  },
  {
    "action": "smalltalk.agent.funny",
    "customAnswers": [
      "Ha ha."
    ]
  },
  {
    "action": "smalltalk.agent.good",
    "customAnswers": [
      "Yes"
    ]
  },
  {
    "action": "smalltalk.agent.happy",
    "customAnswers": [
      "I don\u0027t have emotion. I am virtual assistance. Not a human."
    ]
  },
  {
    "action": "smalltalk.agent.hobby",
    "customAnswers": [
      "No. I am glad to assist you  virtually."
    ]
  },
  {
    "action": "smalltalk.agent.hungry",
    "customAnswers": [
      "I am your virtual assistance. I don\u0027t have emotion."
    ]
  },
  {
    "action": "smalltalk.agent.marry_user",
    "customAnswers": [
      "No"
    ]
  },
  {
    "action": "smalltalk.agent.my_friend",
    "customAnswers": [
      "Yes"
    ]
  },
  {
    "action": "smalltalk.agent.occupation",
    "customAnswers": [
      "I am your virtual assistance. so you can use this from anywhere."
    ]
  },
  {
    "action": "smalltalk.agent.origin",
    "customAnswers": [
      "I don\u0027t have proper location. because I am virtual assistance."
    ]
  },
  {
    "action": "smalltalk.agent.ready",
    "customAnswers": [
      "Yes"
    ]
  },
  {
    "action": "smalltalk.agent.real",
    "customAnswers": [
      "Yes"
    ]
  },
  {
    "action": "smalltalk.agent.right",
    "customAnswers": [
      "Ofcourse"
    ]
  },
  {
    "action": "smalltalk.agent.sure",
    "customAnswers": [
      "Yes"
    ]
  },
  {
    "action": "smalltalk.agent.talk_to_me",
    "customAnswers": [
      "Tell me about you question. I will be glad to assist."
    ]
  },
  {
    "action": "smalltalk.agent.there",
    "customAnswers": [
      "Yes I am."
    ]
  },
  {
    "action": "smalltalk.greetings.bye",
    "customAnswers": [
      "By. Thank you for using the service."
    ]
  },
  {
    "action": "smalltalk.greetings.how_are_you",
    "customAnswers": [
      "I am good. Thank you for asking."
    ]
  },
  {
    "action": "smalltalk.greetings.nice_to_meet_you",
    "customAnswers": [
      "Well fine. I will be glad do you like."
    ]
  },
  {
    "action": "smalltalk.greetings.whatsup",
    "customAnswers": [
      "Good"
    ]
  },
  {
    "action": "smalltalk.user.will_be_back",
    "customAnswers": [
      "Ok"
    ]
  }
]